address,city,zip,beds,bathf,bathp,carg,sqft,listedatpr,soldatpr,listedatdate,soldatdate,neighb,schdist,ncrime,pid,tom,prdiff,prdiff_perc,prdiff_np
5932 14th Avenue S,Minneapolis,55417,3,1,1,1,1850,324900,315e3,2017-10-28,2018-02-01,Diamond Lake,0.8,159,pid_20709595/,96,-9900,-0.030470914127423823,2
2654 Stinson Parkway NE,Minneapolis,55418,3,1,2,2,2870,33e4,308850,2017-10-13,2018-02-01,Audubon Park,1,184,pid_20313893/,111,-21150,-0.06409090909090909,2
4831 Camden Avenue N,Minneapolis,55430,2,1,1,2,1001,132e3,123500,2018-01-03,2018-02-01,Lind - Bohanon,0.3,352,pid_21725180/,29,-8500,-0.06439393939393939,2
6005 Knox Avenue S,Minneapolis,55419,4,1,1,2,2403,418900,409e3,2017-12-01,2018-02-01,Kenny,0.5,84,pid_21175281/,62,-9900,-0.023633325375984723,2
3422 W 46th Street,Minneapolis,55410,3,1,1,2,1822,399900,387500,2017-12-04,2018-01-31,Linden Hills,0.5,151,pid_21201050/,58,-12400,-0.031007751937984496,2
40 Cook Avenue W,Saint Paul,55117,3,1,0,2,1644,179900,16e4,2017-11-28,2018-01-31,North End,0.9,6153,pid_21134768/,64,-19900,-0.11061700944969427,2
3828 Harriet Avenue,Minneapolis,55409,3,1,1,2,1858,339e3,315e3,2017-10-27,2018-01-31,King Field,0.6,328,pid_20697738/,96,-24e3,-0.07079646017699115,2
931 Osceola Avenue,Saint Paul,55105,2,1,1,2,1812,429e3,419e3,2017-10-24,2018-01-31,Tangletown,0.9,179,pid_20634896/,99,-1e4,-0.023310023310023312,2
704 White Bear Avenue N,Saint Paul,55106,2,1,1,1,1089,139e3,138e3,2017-10-08,2018-01-31,Conway/Battlecreek/Highwood,0.4,4453,pid_20224294/,115,-1e3,-0.007194244604316547,2
1061 Ashland Avenue,Saint Paul,55104,4,1,0,2,1675,324900,23e4,2017-07-05,2018-01-31,Summit/University,0.7,4545,pid_18769392/,210,-94900,-0.2920898738073253,2
1465 Ames Avenue,Saint Paul,55106,5,3,0,4,2527,219900,225e3,2018-01-16,2018-01-31,Greater East Side,0.5,5697,pid_21898690/,15,5100,0.023192360163710776,1
425 Brainerd Avenue,Saint Paul,55101,3,1,1,2,1236,125e3,125e3,2017-12-29,2018-01-31,Payne/Phalen,0.5,9685,pid_21690020/,33,0,0,3
1955 3rd Street E,Saint Paul,55119,3,1,1,1,1330,169900,175500,2017-12-20,2018-01-31,Conway/Battlecreek/Highwood,0.3,4453,pid_21474176/,42,5600,0.0329605650382578,1
967 Fuller Avenue,Saint Paul,55104,2,1,0,1,1560,199900,2e5,2017-12-11,2018-01-31,Summit/University,0.3,4545,pid_21292535/,51,100,5.002501250625312e-4,1
2508 Nokomis Avenue,Saint Paul,55119,3,1,0,2,1052,189900,189900,2017-12-08,2018-01-31,Greater East Side,0.8,5697,pid_21265666/,54,0,0,3
5548 41st Avenue S,Minneapolis,55417,3,1,0,2,1531,245e3,241600,2017-11-25,2018-01-31,Morris Park,0.9,81,pid_21106400/,67,-3400,-0.013877551020408163,2
3522 Lyndale Avenue N,Minneapolis,55412,3,1,2,2,2030,199900,211e3,2017-11-16,2018-01-31,Mckinley,0.3,335,pid_21016758/,76,11100,0.05552776388194097,1
1331 4th Street E,Saint Paul,55106,3,1,1,0,1064,169e3,149900,2017-11-10,2018-01-31,Dayton's Bluff,0.4,5074,pid_20935264/,82,-19100,-0.11301775147928994,2
1074 Albemarle Street,Saint Paul,55117,5,1,1,2,1671,189900,164e3,2017-10-13,2018-01-31,North End,1.2,6153,pid_20309525/,110,-25900,-0.13638757240652974,2
1616 3rd Street E,Saint Paul,55106,4,1,2,1,2009,219900,222500,2017-09-05,2018-01-31,Conway/Battlecreek/Highwood,0.3,4453,pid_19754103/,148,2600,0.01182355616189177,1
1630 Margaret Street,Saint Paul,55106,3,1,0,1,903,159900,15e4,2017-08-28,2018-01-31,Conway/Battlecreek/Highwood,0.2,4453,pid_19636215/,156,-9900,-0.06191369606003752,2
3830 Aldrich Avenue N,Minneapolis,55412,3,1,1,1,1254,159900,159900,2017-12-03,2018-01-30,Webber - Camden,1,460,pid_21194229/,58,0,0,3
1981 Arlington Avenue E,Saint Paul,55119,3,1,1,3,1822,214900,217e3,2017-11-30,2018-01-30,Greater East Side,0.3,5697,pid_21156161/,61,2100,0.009771986970684038,1
1057 Westminster Street,Saint Paul,55130,3,1,0,2,1100,149e3,139e3,2017-11-02,2018-01-30,Payne/Phalen,0.2,9685,pid_20780631/,89,-1e4,-0.06711409395973154,2
588 Lexington Parkway N,Saint Paul,55104,4,1,0,1,1759,239900,23e4,2017-10-13,2018-01-30,Thomas/Dale(Frogtown),0.7,5108,pid_20311260/,109,-9900,-0.04126719466444352,2
1635 W 26th Street,Minneapolis,55405,4,2,1,2,3753,115e4,995e3,2017-09-11,2018-01-30,East Isles,0.5,255,pid_19829724/,141,-155e3,-0.13478260869565217,2
759 Lafond Avenue,Saint Paul,55104,3,1,1,2,1220,119900,109e3,2018-01-03,2018-01-30,Thomas/Dale(Frogtown),0.6,5108,pid_21722660/,27,-10900,-0.09090909090909091,2
761 Lafond Avenue,Saint Paul,55104,3,1,1,2,1220,119900,115e3,2018-01-03,2018-01-30,Thomas/Dale(Frogtown),0.6,5108,pid_21721466/,27,-4900,-0.0408673894912427,2
1092 Sims Avenue,Saint Paul,55106,3,1,1,2,1124,165e3,17e4,2017-12-30,2018-01-30,Payne/Phalen,0.6,9685,pid_21691362/,31,5e3,0.030303030303030304,1
3837 Park Avenue,Minneapolis,55407,3,2,0,1,1688,238e3,245500,2017-12-20,2018-01-30,Bryant,0.6,118,pid_21472235/,41,7500,0.031512605042016806,1
1289 McAfee Street,Saint Paul,55106,4,2,1,3,2036,299900,3e5,2017-12-19,2018-01-30,Greater East Side,0.8,5697,pid_21463247/,42,100,3.3344448149383126e-4,1
1268 Margaret Street,Saint Paul,55106,3,1,0,2,1200,16e4,164300,2017-12-13,2018-01-30,Dayton's Bluff,0.6,5074,pid_21306490/,48,4300,0.026875,1
907 4th Street E,Saint Paul,55106,5,1,2,2,2128,229900,24e4,2017-12-09,2018-01-30,Dayton's Bluff,0.3,5074,pid_21272092/,52,10100,0.043932144410613314,1
826 Oliver Avenue N,Minneapolis,55411,3,2,0,2,1118,125e3,140500,2017-12-07,2018-01-30,Near - North,0.6,847,pid_21244032/,54,15500,0.124,1
1103 Lincoln Avenue,Saint Paul,55105,5,1,1,2,2200,299900,308e3,2017-12-04,2018-01-30,Summit Hill,0.7,1445,pid_21203267/,57,8100,0.027009003001000332,1
558 Point Douglas Road S,Saint Paul,55119,3,1,0,2,1105,189e3,188e3,2017-12-01,2018-01-30,Conway/Battlecreek/Highwood,0.6,4453,pid_21179287/,60,-1e3,-0.005291005291005291,2
4217 Nokomis Avenue,Minneapolis,55406,3,1,0,2,1254,32e4,32e4,2017-11-29,2018-01-30,Ericsson,0.1,128,pid_22699639/,62,0,0,3
412 View Street,Saint Paul,55102,2,1,1,1,1508,167900,161e3,2017-01-22,2018-01-30,West Seventh,1.5,2784,pid_21089876/,373,-6900,-0.0410958904109589,2
882 Fuller Avenue,Saint Paul,55104,4,1,1,1,2e3,199900,202e3,2017-11-06,2018-01-30,Summit/University,0.1,4545,pid_20824721/,85,2100,0.010505252626313157,1
91 McKnight Road N,Saint Paul,55119,3,1,1,2,1920,229900,21e4,2017-10-18,2018-01-30,Conway/Battlecreek/Highwood,0.3,4453,pid_20364395/,104,-19900,-0.08655937364071335,2
1720 Iowa Avenue E,Saint Paul,55106,3,1,1,2,1081,184900,175100,2017-10-05,2018-01-30,Greater East Side,0.4,5697,pid_20182907/,117,-9800,-0.05300162249864792,2
2634 Jackson Street NE,Minneapolis,55418,3,1,1,3,1542,259900,249900,2017-08-31,2018-01-30,Holland,0.5,279,pid_19683958/,152,-1e4,-0.038476337052712584,2
3415 19th Avenue S,Minneapolis,55407,1,1,0,0,892,179900,147e3,2017-08-24,2018-01-30,Corcoran,1,313,pid_19588346/,159,-32900,-0.1828793774319066,2
4213 Washburn Avenue S,Minneapolis,55410,3,1,1,0,1698,38e4,147e3,2018-01-04,2018-01-30,Linden Hills,0.5,151,pid_21734880/,26,-233e3,-0.6131578947368421,2
5612 Humboldt Avenue S,Minneapolis,55419,4,2,1,2,2023,409900,397500,2017-11-25,2018-01-29,Kenny,0.2,84,pid_21107504/,65,-12400,-0.03025128080019517,2
2817 W 40th Street,Minneapolis,55410,3,1,1,1,2419,669900,625e3,2017-10-13,2018-01-29,Linden Hills,0.5,151,pid_20303264/,108,-44900,-0.06702492909389461,2
2627 James Avenue N,Minneapolis,55411,3,1,1,2,1334,149900,13e4,2017-08-29,2018-01-29,Jordan,0.5,862,pid_19648483/,153,-19900,-0.13275517011340893,2
5521 27th Avenue S,Minneapolis,55417,3,1,0,1,1404,239900,229900,2017-12-14,2018-01-29,Wenonah,0.3,175,pid_21320902/,46,-1e4,-0.041684035014589414,2
20 Belvidere Street E,Saint Paul,55107,3,1,1,1,1824,239e3,239e3,2017-12-13,2018-01-29,West Side,0.3,3405,pid_21312040/,47,0,0,3
1984 Larpenteur Avenue E,Saint Paul,55109,3,1,1,2,1545,174900,18e4,2017-12-13,2018-01-29,Greater East Side,0.7,5697,pid_21310501/,47,5100,0.029159519725557463,1
1205 Irving Avenue N,Minneapolis,55411,4,1,3,2,2322,219900,219900,2017-12-07,2018-01-29,Near - North,0.3,847,pid_21254861/,53,0,0,3
4530 Thomas Avenue N,Minneapolis,55412,3,1,0,1,1516,199900,194e3,2017-10-31,2018-01-29,Victory,0.2,265,pid_20739065/,90,-5900,-0.029514757378689346,2
5404 Park Avenue,Minneapolis,55417,3,1,1,2,2247,449e3,42e4,2017-10-30,2018-01-29,Page,0.4,30,pid_20723697/,91,-29e3,-0.0645879732739421,2
924 Lafond Avenue,Saint Paul,55104,3,2,0,1,1640,182500,177e3,2017-10-26,2018-01-29,Thomas/Dale(Frogtown),0.6,5108,pid_20669616/,95,-5500,-0.030136986301369864,2
5953 Fremont Avenue S,Minneapolis,55419,4,1,1,2,1600,35e4,325e3,2017-10-11,2018-01-29,Kenny,0.3,84,pid_20287359/,110,-25e3,-0.07142857142857142,2
1955 Montana Avenue E,Saint Paul,55119,3,1,0,1,1042,182800,158500,2017-10-04,2018-01-29,Greater East Side,0.4,5697,pid_20156706/,117,-24300,-0.13293216630196936,2
1049 Lincoln Avenue,Saint Paul,55105,3,1,2,2,2699,599900,526500,2017-09-15,2018-01-29,Summit Hill,0.7,1445,pid_19884526/,136,-73400,-0.12235372562093683,2
988 Kennard Street,Saint Paul,55106,3,1,1,2,1453,22e4,2e5,2017-08-10,2018-01-29,Greater East Side,0.4,5697,pid_19359809/,172,-2e4,-0.09090909090909091,2
1455 Maywood Street,Saint Paul,55117,3,1,0,1,1221,234900,215e3,2017-08-30,2018-01-27,Como,0.7,2555,pid_19668027/,150,-19900,-0.08471690080885483,2
4406 Cedar Avenue S,Minneapolis,55407,4,1,1,2,1704,3e5,3e5,2017-12-13,2018-01-26,Northrop,1,225,pid_21306011/,44,0,0,3
4156 Minnehaha Avenue,Minneapolis,55406,3,1,0,2,1525,239900,231500,2017-11-18,2018-01-26,Hiawatha,0.4,341,pid_21051835/,69,-8400,-0.035014589412255104,2
5344 Ewing Avenue S,Minneapolis,55410,2,1,0,1,1386,399e3,393e3,2017-11-01,2018-01-26,Fulton,0.8,137,pid_20751252/,86,-6e3,-0.015037593984962405,2
2325 Walton Place,Minneapolis,55411,2,1,1,2,843,69900,76900,2018-01-02,2018-01-26,Willard - Hay,0.9,689,pid_21709850/,24,7e3,0.10014306151645208,1
1096 Mackubin Street,Saint Paul,55117,3,1,1,1,1334,167500,172e3,2017-12-18,2018-01-26,North End,0.5,6153,pid_21359563/,39,4500,0.026865671641791045,1
1 Linder Court,Saint Paul,55106,3,1,1,1,1578,179900,185e3,2017-12-14,2018-01-26,Conway/Battlecreek/Highwood,0.2,4453,pid_21338497/,43,5100,0.028349082823790995,1
5421 28th Avenue S,Minneapolis,55417,3,1,0,0,1241,225e3,226500,2017-12-07,2018-01-26,Wenonah,0.3,175,pid_21252116/,50,1500,0.006666666666666667,1
1823 Girard Avenue N,Minneapolis,55411,3,1,1,2,1911,184900,184900,2017-12-04,2018-01-26,Near - North,0.3,847,pid_21198428/,53,0,0,3
3311 Cleveland Street NE,Minneapolis,55418,3,1,1,2,1700,269900,269900,2017-11-24,2018-01-26,Waite Park,0.2,155,pid_21098826/,63,0,0,3
487 Ruth Street N,Saint Paul,55119,3,2,0,1,1712,225e3,225e3,2017-11-10,2018-01-26,Conway/Battlecreek/Highwood,0.4,4453,pid_20923060/,77,0,0,3
5256 37th Avenue S,Minneapolis,55417,4,1,2,2,2163,309e3,294140,2017-11-10,2018-01-26,Minnehaha,0.5,151,pid_20915082/,77,-14860,-0.04809061488673139,2
1991 5th Street E,Saint Paul,55119,2,1,0,1,740,155e3,149e3,2017-11-08,2018-01-26,Conway/Battlecreek/Highwood,0.1,4453,pid_20880370/,79,-6e3,-0.03870967741935484,2
4163 Burton Lane,Minneapolis,55406,3,1,2,2,2758,45e4,428e3,2017-11-03,2018-01-26,Hiawatha,0.3,341,pid_20799044/,84,-22e3,-0.04888888888888889,2
88 Geranium Avenue W,Saint Paul,55117,3,1,1,2,1752,194900,175e3,2017-10-26,2018-01-26,Como,1.1,2555,pid_20673377/,92,-19900,-0.10210364289379169,2
1721 Cottage Avenue E,Saint Paul,55106,3,1,0,2,864,164900,153e3,2017-10-25,2018-01-26,Greater East Side,0.3,5697,pid_20644451/,93,-11900,-0.07216494845360824,2
2037 Selby Avenue,Saint Paul,55104,3,1,1,2,2546,48e4,425e3,2017-10-18,2018-01-26,Summit/University,0.8,4545,pid_20369763/,100,-55e3,-0.11458333333333333,2
2536 28th Avenue S,Minneapolis,55406,4,1,2,4,1040,26e4,236e3,2017-10-18,2018-01-26,Seward,0.4,527,pid_20368335/,100,-24e3,-0.09230769230769231,2
5936 Newton Avenue S,Minneapolis,55419,4,2,0,2,1629,3e5,274e3,2017-10-12,2018-01-26,Armatage,0.4,96,pid_20293859/,106,-26e3,-0.08666666666666667,2
467 Portland Avenue,Saint Paul,55102,6,2,2,2,5278,795e3,775e3,2017-10-02,2018-01-26,Summit/University,1.1,4545,pid_20124555/,116,-2e4,-0.025157232704402517,2
2400 13th Avenue S,Minneapolis,55404,5,2,0,2,3382,295e3,284900,2017-09-12,2018-01-26,Midtown Phillips,0.4,581,pid_19844001/,136,-10100,-0.03423728813559322,2
463 Mount Curve Boulevard,Saint Paul,55105,4,2,1,2,3442,775e3,625e3,2017-09-11,2018-01-26,Macalester-Groveland,0.6,2082,pid_19819053/,137,-15e4,-0.1935483870967742,2
1505 Dale Street N,Saint Paul,55117,3,1,1,2,1692,192500,176e3,2017-08-26,2018-01-26,Como,0.8,2555,pid_19618443/,153,-16500,-0.08571428571428572,2
4710 Dupont Avenue N,Minneapolis,55430,1,1,0,1,800,99e3,86e3,2017-08-18,2018-01-26,Lind - Bohanon,0.4,352,pid_19507853/,161,-13e3,-0.13131313131313133,2
642 Brimhall Street,Saint Paul,55116,3,2,1,2,2204,55e4,44e4,2017-08-12,2018-01-25,Highland,0.3,2768,pid_22703672/,166,-11e4,-0.2,2
1524 Alameda Street,Saint Paul,55117,2,1,0,2,1103,18e4,18e4,2017-12-14,2018-01-25,Como,0.8,2555,pid_21317775/,42,0,0,3
4324 Colfax Avenue S,Minneapolis,55409,3,2,0,2,2137,499900,478500,2017-11-16,2018-01-25,East Harriet,0.9,125,pid_21028208/,70,-21400,-0.04280856171234247,2
682 Lowry Avenue NE,Minneapolis,55418,2,1,0,0,864,64900,75e3,2017-12-20,2018-01-25,Holland,1,279,pid_21472968/,36,10100,0.15562403697996918,1
1607 Upton Avenue N,Minneapolis,55411,4,2,0,2,2700,239900,255e3,2017-12-18,2018-01-25,Willard - Hay,1.1,689,pid_21426090/,38,15100,0.06294289287203002,1
4718 Emerson Avenue N,Minneapolis,55430,4,3,0,2,1745,249900,265500,2017-12-13,2018-01-25,Lind - Bohanon,0.4,352,pid_21313407/,43,15600,0.062424969987995196,1
1075 Dale Street N,Saint Paul,55117,3,1,1,2,1577,2e5,208750,2017-12-04,2018-01-25,Como,0.4,2555,pid_21204361/,52,8750,0.04375,1
1113 Hudson Road,Saint Paul,55106,3,1,0,2,1480,179900,179400,2017-11-27,2018-01-25,Dayton's Bluff,0.7,5074,pid_21120610/,59,-500,-0.0027793218454697055,2
5752 20th Avenue S,Minneapolis,55417,4,1,1,1,1800,27e4,27e4,2017-11-27,2018-01-25,Wenonah,0.3,175,pid_21114646/,59,0,0,3
76 Prospect Boulevard,Saint Paul,55107,4,1,1,1,2200,429900,4e5,2017-10-20,2018-01-25,West Side,0.7,3405,pid_20407471/,97,-29900,-0.06955105838567109,2
1617 Hewitt Avenue,Saint Paul,55104,2,1,1,1,1072,179900,158500,2017-09-28,2018-01-25,Hamline/Midway,0.2,3875,pid_20074991/,119,-21400,-0.11895497498610338,2
313 King Street W,Saint Paul,55107,3,1,1,2,1423,199e3,207e3,2017-12-28,2018-01-24,West Side,0.3,3405,pid_21671786/,27,8e3,0.04020100502512563,1
1303 Hubbard Avenue,Saint Paul,55104,4,2,0,2,1880,249900,249900,2017-11-21,2018-01-24,Hamline/Midway,0.5,3875,pid_21073161/,64,0,0,3
678 Maryland Avenue W,Saint Paul,55117,2,2,0,2,1770,175e3,17e4,2017-11-11,2018-01-24,Como,0.1,2555,pid_20942158/,74,-5e3,-0.02857142857142857,2
4408 47th Avenue S,Minneapolis,55406,5,2,3,3,3920,575e3,55e4,2017-11-10,2018-01-24,Hiawatha,0.4,341,pid_20919990/,75,-25e3,-0.043478260869565216,2
5125 14th Avenue S,Minneapolis,55417,4,1,0,1,1368,387300,364e3,2017-09-26,2018-01-24,Hale,0.3,58,pid_20029164/,120,-23300,-0.06016008262328944,2
4540 Penn Avenue N,Minneapolis,55412,5,1,1,2,1898,199900,209e3,2018-01-09,2018-01-24,Victory,0.3,265,pid_21803186/,15,9100,0.04552276138069034,1
901 Summer Street NE,Minneapolis,55413,3,1,1,2,1292,191500,207e3,2017-12-21,2018-01-24,St. Anthony East,0.4,111,pid_21641882/,34,15500,0.08093994778067885,1
3534 Upton Avenue N,Minneapolis,55412,3,1,0,1,1014,16e4,145e3,2017-11-10,2018-01-24,Cleveland,0.4,232,pid_20919691/,75,-15e3,-0.09375,2
766 Jackson Street,Saint Paul,55117,3,1,1,2,1800,199900,190500,2017-10-19,2018-01-24,North End,0.8,6153,pid_20380688/,97,-9400,-0.04702351175587794,2
3334 Taylor Street NE,Minneapolis,55418,1,1,0,1,1439,171900,171900,2017-12-26,2018-01-23,Waite Park,0.5,155,pid_21660018/,28,0,0,3
2012 Sheridan Avenue S,Minneapolis,55405,3,3,1,3,3138,769e3,749e3,2017-08-03,2018-01-23,Lyndale,0.3,533,pid_19247699/,173,-2e4,-0.02600780234070221,2
1817 Highland Parkway,Saint Paul,55116,3,2,2,0,1459,415e3,415e3,2017-07-28,2018-01-23,Highland,0.7,2768,pid_22617415/,179,0,0,3
2115 E 35th Street,Minneapolis,55407,4,1,2,2,2298,259900,259900,2017-12-14,2018-01-23,Corcoran,1.3,313,pid_21322258/,40,0,0,3
1818 Wellesley Avenue,Saint Paul,55105,3,1,1,2,1836,45e4,45e4,2017-12-04,2018-01-23,Macalester-Groveland,0.5,2082,pid_21204178/,50,0,0,3
3000 E 35th Street,Minneapolis,55406,2,2,0,1,964,149500,165100,2017-11-29,2018-01-22,Howe,0.8,308,pid_21145342/,54,15600,0.10434782608695652,1
700 Thomas Avenue N,Minneapolis,55411,2,1,0,1,768,125e3,115e3,2017-10-31,2018-01-22,Willard - Hay,0.8,689,pid_20741506/,83,-1e4,-0.08,2
5043 30th Avenue S,Minneapolis,55417,2,1,1,2,1656,219900,268e3,2017-12-11,2018-01-22,Keewaydin,0.2,133,pid_21279566/,42,48100,0.21873578899499774,1
1314 Main Street NE,Minneapolis,55413,2,1,1,2,1214,249900,255e3,2017-11-12,2018-01-22,Sheridan,0.8,186,pid_20947927/,71,5100,0.02040816326530612,1
4845 Lyndale Avenue S,Minneapolis,55419,3,2,2,2,2580,54e4,504900,2017-11-09,2018-01-22,Tangletown,0.4,179,pid_20907633/,74,-35100,-0.065,2
1837 Colvin Avenue,Saint Paul,55116,4,2,3,2,3055,495e3,425e3,2017-10-21,2018-01-22,Highland,0.4,2768,pid_20416018/,93,-7e4,-0.1414141414141414,2
4912 Aldrich Avenue N,Minneapolis,55430,3,1,1,1,1399,169900,159900,2017-10-10,2018-01-22,Lind - Bohanon,0.2,352,pid_20272461/,104,-1e4,-0.05885815185403178,2
4607 Sheridan Avenue N,Minneapolis,55412,3,1,1,3,1880,169e3,158e3,2017-11-08,2018-01-19,Victory,0.2,265,pid_20886651/,72,-11e3,-0.0650887573964497,2
2315 Cleveland Street NE,Minneapolis,55418,2,1,1,2,1020,219e3,202e3,2017-10-17,2018-01-19,Windom Park,0.2,208,pid_20352333/,94,-17e3,-0.0776255707762557,2
3833 Lyndale Avenue S,Minneapolis,55409,4,1,1,2,2150,41e4,4e5,2017-09-30,2018-01-19,King Field,0.6,328,pid_20108487/,111,-1e4,-0.024390243902439025,2
5348 Zenith Avenue S,Minneapolis,55410,4,2,1,2,2578,715e3,715e3,2017-09-22,2018-01-19,Fulton,0.6,137,pid_19986850/,119,0,0,3
1046 Wakefield Avenue,Saint Paul,55106,3,1,1,1,1342,159900,147400,2017-09-20,2018-01-19,Dayton's Bluff,0.5,5074,pid_19950648/,121,-12500,-0.07817385866166354,2
5617 Standish Avenue,Minneapolis,55417,3,1,2,2,2040,289900,278e3,2017-09-15,2018-01-19,Wenonah,0.1,175,pid_19887940/,126,-11900,-0.04104863746119351,2
2910 Girard Avenue N,Minneapolis,55411,3,1,1,2,1560,159900,138500,2017-09-07,2018-01-19,Jordan,0.4,862,pid_19771324/,134,-21400,-0.133833646028768,2
354 Sturgis Street,Saint Paul,55102,4,2,0,0,2288,215450,215450,2017-07-28,2018-01-19,West Seventh,1.8,2784,pid_22567701/,175,0,0,3
4020 19th Avenue S,Minneapolis,55407,3,2,0,2,1349,274900,268e3,2018-01-02,2018-01-19,Standish,1,275,pid_21705514/,17,-6900,-0.025100036376864313,2
1349 7th Street E,Saint Paul,55106,3,1,0,1,948,8e4,117e3,2017-12-22,2018-01-19,Greater East Side,0.1,5697,pid_21644904/,28,37e3,0.4625,1
4832 4th Avenue S,Minneapolis,55419,2,1,0,2,1142,139e3,156500,2017-12-21,2018-01-19,Field,0.2,105,pid_21639407/,29,17500,0.12589928057553956,1
1267 Bayard Avenue,Saint Paul,55116,3,1,1,1,1516,279972,281500,2017-12-18,2018-01-19,Highland,0.5,2768,pid_21452064/,32,1528,0.005457688626005458,1
675 Edmund Avenue,Saint Paul,55104,2,1,1,2,1278,137500,143e3,2017-12-18,2018-01-19,Thomas/Dale(Frogtown),0.5,5108,pid_21382037/,32,5500,0.04,1
4213 Morgan Avenue N,Minneapolis,55412,3,1,1,2,1675,19e4,193500,2017-12-08,2018-01-19,Lind - Bohanon,0.5,352,pid_21259844/,42,3500,0.018421052631578946,1
818 Morgan Avenue N,Minneapolis,55411,3,1,0,0,1952,125e3,124e3,2017-12-04,2018-01-19,Near - North,0.5,847,pid_21201923/,46,-1e3,-0.008,2
1166 Seminary Avenue,Saint Paul,55104,2,1,0,2,768,134900,133e3,2017-12-04,2018-01-19,Hamline/Midway,0.6,3875,pid_21200673/,46,-1900,-0.014084507042253521,2
1132 Pleasant Avenue,Saint Paul,55102,2,1,0,3,974,132900,1e5,2017-12-03,2018-01-19,West Seventh,1,2784,pid_21195489/,47,-32900,-0.24755455229495862,2
701 Sheridan Avenue N,Minneapolis,55411,2,1,0,1,1374,15e4,161e3,2017-12-01,2018-01-19,Willard - Hay,0.8,689,pid_21178725/,49,11e3,0.07333333333333333,1
975 Galtier Street,Saint Paul,55117,3,1,0,2,1250,139900,146e3,2017-11-29,2018-01-19,North End,1,6153,pid_21140992/,51,6100,0.04360257326661901,1
3609 45th Avenue S,Minneapolis,55406,3,1,1,2,1706,425e3,41e4,2017-11-22,2018-01-19,Howe,0.2,308,pid_21084889/,58,-15e3,-0.03529411764705882,2
2021 29th Avenue S,Minneapolis,55406,4,2,2,1,1940,359900,317e3,2017-11-10,2018-01-19,Seward,0.7,527,pid_20926739/,70,-42900,-0.11919977771603223,2
4719 Emerson Avenue N,Minneapolis,55430,3,1,0,2,1569,175e3,165e3,2017-11-08,2018-01-19,Lind - Bohanon,0.4,352,pid_20872475/,72,-1e4,-0.05714285714285714,2
3350 Vincent Avenue N,Minneapolis,55412,3,1,0,1,1260,144900,14e4,2017-10-26,2018-01-19,Cleveland,0.3,232,pid_20676099/,85,-4900,-0.033816425120772944,2
85 Atwater Street,Saint Paul,55117,3,1,1,0,1248,199900,184e3,2017-10-25,2018-01-19,North End,1,6153,pid_20653640/,86,-15900,-0.07953976988494248,2
4909 Nicollet Avenue,Minneapolis,55419,3,2,0,1,1950,419900,395e3,2017-10-17,2018-01-19,Tangletown,0.1,179,pid_20350351/,94,-24900,-0.059299833293641344,2
2627 McKinley Street NE,Minneapolis,55418,3,1,1,1,1402,275e3,265e3,2017-09-13,2018-01-19,Audubon Park,0.5,184,pid_20304521/,128,-1e4,-0.03636363636363636,2
1507 Knox Avenue N,Minneapolis,55411,3,1,0,1,1682,174500,169e3,2017-10-11,2018-01-19,Willard - Hay,0.6,689,pid_20272299/,100,-5500,-0.03151862464183381,2
3115 Knox Avenue N,Minneapolis,55411,2,1,0,0,792,159900,149900,2017-09-22,2018-01-19,Jordan,0.7,862,pid_19983866,119,-1e4,-0.06253908692933083,2
3318 Johnson Street NE,Minneapolis,55418,3,2,0,2,1700,265e3,215e3,2017-09-20,2018-01-19,Waite Park,0.2,155,pid_19946180/,121,-5e4,-0.18867924528301888,2
4312 Beard Avenue S,Minneapolis,55410,4,2,2,2,3467,969900,939144,2017-08-31,2018-01-19,Linden Hills,0.3,151,pid_19680739/,141,-30756,-0.03171048561707392,2
963 Montana Avenue W,Saint Paul,55117,4,1,1,2,2403,31e4,28e4,2017-08-03,2018-01-19,Como,0.7,2555,pid_19256249/,169,-3e4,-0.0967741935483871,2
2200 E 38th Street,Minneapolis,55407,3,1,0,2,1056,194500,135e3,2017-07-26,2018-01-19,Standish,0.6,275,pid_19108636/,177,-59500,-0.3059125964010283,2
1611 Juno Avenue,Saint Paul,55116,3,1,0,1,1720,289900,261500,2017-10-23,2018-01-18,Highland,0.3,2768,pid_20554342/,87,-28400,-0.09796481545360469,2
2423 W 22nd Street,Minneapolis,55405,4,2,1,2,3133,949e3,908275,2017-08-15,2018-01-17,Kenwood,0.2,33,pid_19426904/,155,-40725,-0.04291359325605901,2
940 Iroquois Avenue,Saint Paul,55119,1,1,0,4,652,134900,137e3,2017-12-07,2018-01-18,Greater East Side,0.5,5697,pid_21250232/,42,2100,0.015567086730911787,1
5110 Morgan Avenue N,Minneapolis,55430,4,1,1,2,1738,79e3,2e5,2017-02-03,2017-07-26,Shingle Creek,0.2,128,pid_21226736/,173,121e3,1.5316455696202531,1
1047 Wilson Avenue,Saint Paul,55106,3,1,1,2,1635,2e5,208e3,2017-11-13,2018-01-18,Dayton's Bluff,0.5,5074,pid_21084320/,66,8e3,0.04,1
721 Simon Avenue,Saint Paul,55117,3,1,1,1,1189,164900,145e3,2017-11-15,2017-12-29,Como,0.2,2555,pid_21008493/,44,-19900,-0.12067919951485749,2
5247 14th Avenue S,Minneapolis,55417,3,1,1,2,1715,3e5,293500,2017-11-13,2018-01-17,Hale,0.2,58,pid_20976612/,65,-6500,-0.021666666666666667,2
2116 2nd Avenue N,Minneapolis,55405,3,2,1,2,1800,249900,238e3,2017-11-01,2018-01-26,Harrison,0.5,263,pid_20767431/,86,-11900,-0.047619047619047616,2
1703 Sheridan Avenue,Saint Paul,55116,2,1,0,1,1056,179900,17e4,2017-10-27,2018-01-17,Highland,0.6,2768,pid_20686630/,82,-9900,-0.055030572540300166,2
451 Selby Avenue,Saint Paul,55102,3,2,1,2,2174,525e3,517500,2017-10-21,2018-01-18,Summit/University,0.8,4545,pid_20414024/,89,-7500,-0.014285714285714285,2
6132 Washburn Avenue S,Minneapolis,55410,3,1,1,2,2071,329900,29e4,2017-10-19,2018-01-18,Armatage,1,96,pid_20388010/,91,-39900,-0.12094574113367687,2
398 Banfil Street,Saint Paul,55102,3,1,0,0,837,155e3,15e4,2017-10-04,2018-01-18,West Seventh,1.7,2784,pid_20164989/,106,-5e3,-0.03225806451612903,2
1687 7th Street E,Saint Paul,55106,3,1,0,1,902,125900,85600,2017-10-04,2018-01-18,Greater East Side,0.6,5697,pid_20163154/,106,-40300,-0.3200953137410643,2
751 Oakdale Avenue,Saint Paul,55107,2,1,0,0,1021,149900,138e3,2017-09-19,2018-01-18,West Side,0.3,3405,pid_20035259/,121,-11900,-0.07938625750500333,2
3756 10th Avenue S,Minneapolis,55407,3,1,1,0,1248,235e3,214900,2017-09-18,2018-01-18,Powderhorn Park,1.5,658,pid_19919334/,122,-20100,-0.08553191489361703,2
5509 Fremont Avenue S,Minneapolis,55419,4,1,1,1,2106,335500,304500,2017-08-10,2018-01-18,Kenny,0.3,84,pid_19364357/,161,-31e3,-0.09239940387481371,2
2930 Sheridan Avenue N,Minneapolis,55411,2,1,0,0,780,79e3,65e3,2017-07-24,2018-01-18,Jordan,0.4,862,pid_19080954/,178,-14e3,-0.17721518987341772,2
3821 4th Avenue S,Minneapolis,55409,2,1,0,0,1186,119900,102e3,2017-12-12,2018-01-17,Bryant,0.4,118,pid_21293389/,36,-17900,-0.14929107589658047,2
1806 Jefferson Avenue,Saint Paul,55105,4,1,1,2,1692,379e3,375e3,2017-11-29,2018-01-17,Macalester-Groveland,0.5,2082,pid_21141306/,49,-4e3,-0.010554089709762533,2
5608 Vincent Avenue S,Minneapolis,55410,3,1,2,2,2040,5e5,48e4,2017-10-26,2018-01-17,Armatage,0.9,96,pid_20668634/,83,-2e4,-0.04,2
4611 Dupont Avenue S,Minneapolis,55419,4,1,1,2,2650,769900,75e4,2017-09-18,2018-01-17,Lynnhurst,0.6,117,pid_19921831/,121,-19900,-0.025847512663982334,2
3751 Pillsbury Avenue S,Minneapolis,55409,3,1,1,0,1620,33e4,314900,2017-09-08,2018-01-17,King Field,0.5,328,pid_19792441/,131,-15100,-0.04575757575757576,2
2823 Grand Street NE,Minneapolis,55418,2,1,0,2,960,2e5,2e5,2017-12-15,2018-01-17,Marshall Terrace,1.8,77,pid_21346332/,33,0,0,3
3823 Upton Avenue N,Minneapolis,55412,3,2,0,2,1692,23e4,23e4,2017-12-07,2018-01-17,Cleveland,0.8,232,pid_21246215/,41,0,0,3
3815 Penn Avenue N,Minneapolis,55412,3,1,0,2,1968,149e3,149e3,2017-12-01,2018-01-17,Cleveland,0.7,232,pid_21178785/,47,0,0,3
5246 13th Avenue S,Minneapolis,55417,3,1,0,1,1450,349900,347150,2017-11-17,2018-01-17,Hale,0.1,58,pid_21032792/,61,-2750,-0.007859388396684767,2
1243 Fremont Avenue,Saint Paul,55106,2,2,0,1,1405,135e3,137e3,2017-11-07,2018-01-17,Dayton's Bluff,0.6,5074,pid_20857445/,71,2e3,0.014814814814814815,1
2931 Tyler Street NE,Minneapolis,55418,4,2,2,2,560,399e3,404400,2017-10-07,2018-01-17,Audubon Park,0.6,184,pid_20213974/,102,5400,0.013533834586466165,1
1860 Laurel Avenue,Saint Paul,55104,4,2,0,2,2281,419900,39e4,2017-09-20,2018-01-17,Summit/University,0.4,4545,pid_19952719/,119,-29900,-0.07120743034055728,2
801 Lafond Avenue,Saint Paul,55104,2,1,0,1,1044,87400,80150,2017-08-29,2018-01-17,Thomas/Dale(Frogtown),0.5,5108,pid_19647964/,141,-7250,-0.08295194508009153,2
3315 Bryant Avenue N,Minneapolis,55412,3,1,0,2,1248,137900,9e4,2017-07-26,2018-01-17,Mckinley,0.3,335,pid_19162785/,175,-47900,-0.34735315445975345,2
5424 Bryant Avenue S,Minneapolis,55419,3,2,0,2,1955,464900,41e4,2017-07-26,2018-01-17,Kenny,0.4,84,pid_19108522/,175,-54900,-0.11808991180899119,2
861 Albert Street N,Saint Paul,55104,6,2,0,3,2250,289900,259e3,2017-07-05,2018-01-17,Hamline/Midway,0.5,3875,pid_18760879/,196,-30900,-0.1065884787857882,2
1677 Juno Avenue,Saint Paul,55116,4,1,3,2,2182,629700,56e4,2017-06-12,2018-01-17,Highland,0.5,2768,pid_18420831/,219,-69700,-0.11068762902969669,2
512 W 34th Street,Minneapolis,55408,3,1,1,2,1344,389900,389e3,2017-12-04,2018-01-16,Lyndale,0.1,533,pid_21204968/,43,-900,-0.0023082841754295974,2
1856 Wordsworth Avenue,Saint Paul,55116,4,1,0,2,1648,269900,28e4,2017-11-24,2018-01-16,Highland,0.8,2768,pid_21103498/,53,10100,0.03742126713597629,1
1036 Milton Street N,Saint Paul,55103,1,1,0,1,705,11e4,116e3,2017-11-14,2018-01-16,Como,0.4,2555,pid_21006974/,63,6e3,0.05454545454545454,1
4905 29th Avenue S,Minneapolis,55417,3,1,0,1,1325,175e3,185e3,2017-10-27,2018-01-16,Keewaydin,0.4,133,pid_20701173/,81,1e4,0.05714285714285714,1
2058 James Avenue,Saint Paul,55105,4,1,1,2,1999,325e3,316500,2017-10-27,2018-01-16,Jordan,0.5,862,pid_20684596/,81,-8500,-0.026153846153846153,2
1675 Woodbridge Street,Saint Paul,55117,3,1,0,1,2310,145e3,105e3,2017-10-26,2018-01-16,North End,1.5,6153,pid_20671466/,82,-4e4,-0.27586206896551724,2
3023 Newton Avenue N,Minneapolis,55411,2,2,0,2,1004,118500,93e3,2017-10-24,2018-01-16,Jordan,0.3,862,pid_20629643/,84,-25500,-0.21518987341772153,2
4740 Nicollet Avenue,Minneapolis,55419,3,1,0,1,1308,289900,275e3,2017-10-17,2018-01-16,Tangletown,0.2,179,pid_20347187/,91,-14900,-0.05139703345981373,2
1501 Thomas Avenue N,Minneapolis,55411,3,1,1,1,1757,185e3,167600,2017-10-16,2018-01-16,Willard - Hay,0.7,689,pid_20338000/,92,-17400,-0.09405405405405405,2
2008 Seabury Avenue,Minneapolis,55406,3,0,2,2,1330,425e3,365e3,2017-10-04,2018-01-16,Seward,0.7,527,pid_20155695/,104,-6e4,-0.1411764705882353,2
2701 N Oliver Avenue,Minneapolis,55411,5,2,1,2,2124,259900,245e3,2017-08-17,2018-01-16,Jordan,0.8,862,pid_19491584/,152,-14900,-0.05732974220854175,2
141 Belvidere Street E,Saint Paul,55107,5,1,1,1,2004,229900,245e3,2017-12-30,2018-01-16,West Side,0.3,3405,pid_21690398/,17,15100,0.06568073075250108,1
1685 Watson Avenue,Saint Paul,55116,3,1,0,1,1108,194900,203e3,2017-12-14,2018-01-16,Highland,0.5,2768,pid_21318991/,33,8100,0.04155977424320164,1
2652 Fremont Avenue N,Minneapolis,55411,4,0,3,2,2474,2e5,19e4,2017-12-12,2018-01-16,Jordan,0.3,862,pid_21301493/,35,-1e4,-0.05,2
1978 Case Avenue E,Saint Paul,55119,1,1,0,2,800,11e4,112e3,2017-12-11,2018-01-16,Greater East Side,0.5,5697,pid_21283423/,36,2e3,0.01818181818181818,1
897 Central Avenue W,Saint Paul,55104,2,1,0,0,720,109900,116400,2017-12-11,2018-01-16,Summit/University,0.1,4545,pid_21282999/,36,6500,0.059144676979071886,1
3520 21st Avenue S,Minneapolis,55407,3,2,0,2,1514,274900,28e4,2017-12-07,2018-01-16,Corcoran,0.8,313,pid_21251971/,40,5100,0.018552200800291015,1
4220 42nd Avenue S,Minneapolis,55406,3,1,1,2,1636,249900,272300,2017-12-07,2018-01-16,Hiawatha,0,341,pid_21249782/,40,22400,0.0896358543417367,1
1344 Logan Avenue N,Minneapolis,55411,4,1,2,2,1456,209500,218e3,2017-12-06,2018-01-16,Willard - Hay,0.2,689,pid_21228331/,41,8500,0.0405727923627685,1
1098 Margaret Street,Saint Paul,55106,4,1,0,0,1483,1e5,108e3,2017-11-26,2018-01-16,Dayton's Bluff,0.8,5074,pid_21109986/,51,8e3,0.08,1
471 White Bear Avenue N,Saint Paul,55106,3,1,1,1,1440,12e4,122500,2017-11-14,2018-01-16,Conway/Battlecreek/Highwood,0.6,4453,pid_20992279/,63,2500,0.020833333333333332,1
4951 N 4th Court N,Minneapolis,55430,5,1,1,2,1736,18e4,175e3,2017-11-11,2018-01-16,Lind - Bohanon,0.3,352,pid_20947638/,66,-5e3,-0.027777777777777776,2
1081 Laurel Avenue,Saint Paul,55104,4,1,0,0,2300,315900,252735,2017-08-23,2018-01-16,Lind - Bohanon,0.3,352,pid_19572328/,146,-63165,-0.19995251661918328,2
1312 17th Avenue N,Minneapolis,55411,3,1,0,2,1433,87500,9e4,2017-12-04,2018-01-15,Summit/University,0.4,4545,pid_21349197/,42,2500,0.02857142857142857,1
4720 Zenith Avenue S,Minneapolis,55410,4,1,1,2,1712,419900,435e3,2017-11-17,2018-01-15,Fulton,0.1,137,pid_21036257/,59,15100,0.03596094308168612,1
1217 Arkwright Street,Saint Paul,55130,4,2,0,2,1138,165e3,16e4,2017-11-13,2018-01-15,Payne/Phalen,0.5,9685,pid_20980942/,63,-5e3,-0.030303030303030304,2
6129 Thomas Avenue S,Minneapolis,55410,3,1,0,2,1587,284e3,274900,2017-11-02,2018-01-15,Armatage,0.9,96,pid_20788163/,74,-9100,-0.03204225352112676,2
4138 40th Avenue S,Minneapolis,55406,2,1,0,1,1178,275e3,260225,2017-10-13,2018-01-15,Hiawatha,0.2,341,pid_20304546/,94,-14775,-0.05372727272727273,2
4003 S Nokomis Avenue,Minneapolis,55406,2,1,1,1,654,179900,175300,2017-10-11,2018-01-15,Standish,0.4,275,pid_20280402/,96,-4600,-0.02556976097832129,2
794 Cottage Avenue E,Saint Paul,55106,4,1,1,1,1625,219900,214900,2017-10-06,2018-01-15,Payne/Phalen,0.8,9685,pid_20189337/,101,-5e3,-0.022737608003638016,2
3010 Russell Avenue N,Minneapolis,55411,3,2,0,2,1886,15e4,145e3,2017-12-05,2018-01-12,Jordan,0.3,862,pid_21218551/,38,-5e3,-0.03333333333333333,2
1370 Wellesley Avenue,Saint Paul,55105,2,1,0,0,1042,199e3,199e3,2017-12-04,2018-01-12,Macalester-Groveland,0.1,2082,pid_21197384/,39,0,0,3
4700 Washburn Avenue N,Minneapolis,55430,4,1,0,2,1958,215e3,220975,2017-11-29,2018-01-12,Victory,0.4,265,pid_21144792/,44,5975,0.027790697674418604,1
6115 15th Avenue S,Minneapolis,55423,3,1,1,2,2640,249900,249900,2017-11-24,2018-01-12,Diamond Lake,1,159,pid_21102776/,49,0,0,3
4153 Drew Avenue S,Minneapolis,55410,3,1,0,2,1532,384900,397100,2017-11-20,2018-01-12,Linden Hills,0.1,151,pid_21064701/,53,12200,0.0316965445570278,1
737 Wilson Avenue,Saint Paul,55106,4,1,1,2,1708,194900,200747,2017-11-17,2018-01-12,Dayton's Bluff,0.1,5074,pid_21042562/,56,5847,0.03,1
4837 Zenith Avenue S,Minneapolis,55410,2,1,0,1,1014,325e3,291e3,2017-11-16,2018-01-12,Fulton,0.2,137,pid_21015745/,57,-34e3,-0.10461538461538461,2
3901 Beard Avenue S,Minneapolis,55410,4,1,1,1,2285,594900,565e3,2017-11-14,2018-01-12,Linden Hills,0.2,151,pid_20987468/,59,-29900,-0.050260547991259036,2
2826 Fillmore Street NE,Minneapolis,55418,3,1,0,1,1172,199900,206e3,2017-11-05,2018-01-12,Audubon Park,0.4,184,pid_20819900/,68,6100,0.030515257628814407,1
4745 Garfield Avenue,Minneapolis,55419,4,2,1,2,2142,515e3,492e3,2017-10-26,2018-01-12,Tangletown,0.3,179,pid_20668984/,78,-23e3,-0.04466019417475728,2
349 Hamline Avenue S,Saint Paul,55105,4,1,1,2,2417,399900,352450,2017-10-19,2018-01-12,Macalester-Groveland,0.1,2082,pid_20390360/,85,-47450,-0.11865466366591648,2
361 Pleasant Avenue,Saint Paul,55102,3,2,1,3,2492,6e5,585e3,2017-06-01,2018-01-12,Summit/University,1.1,4545,pid_18239743/,225,-15e3,-0.025,2
2314 11th Avenue S,Minneapolis,55404,4,1,1,1,2492,195e3,201e3,2017-12-19,2018-01-12,Ventura Village,0.4,590,pid_21462243/,24,6e3,0.03076923076923077,1
415 Thomas Avenue,Saint Paul,55103,2,1,0,2,1774,109900,109900,2017-12-10,2018-01-12,Thomas/Dale(Frogtown),0.1,5108,pid_21278903/,33,0,0,3
2655 Madison Street NE,Minneapolis,55418,3,1,1,2,1330,205e3,215e3,2017-12-04,2018-01-12,Holland,0.5,279,pid_21199191/,39,1e4,0.04878048780487805,1
5319 40th Avenue S,Minneapolis,55417,2,1,0,1,1009,224900,229900,2017-12-01,2018-01-12,Holland,0.7,279,pid_21177588/,42,5e3,0.022232103156958647,1
3811 Minnehaha Avenue,Minneapolis,55406,3,1,1,2,1764,25e4,257500,2017-11-30,2018-01-12,Minnehaha,0.6,151,pid_21161373/,43,7500,0.03,1
4427 Wentworth Avenue S,Minneapolis,55419,3,2,0,1,1244,274900,272100,2017-11-30,2018-01-12,Windom,0.6,217,pid_21156901/,43,-2800,-0.01018552200800291,2
2310 23rd Avenue S,Minneapolis,55404,2,1,0,2,1050,224900,215520,2017-11-30,2018-01-12,Seward,0.8,527,pid_21156218/,43,-9380,-0.041707425522454426,2
2623 Logan Avenue N,Minneapolis,55411,2,1,0,0,864,84900,81e3,2017-11-21,2018-01-12,Jordan,0.7,862,pid_21078477/,52,-3900,-0.045936395759717315,2
403 Hatch Avenue,Saint Paul,55117,3,1,1,2,1233,219e3,2e5,2017-11-21,2018-01-12,North End,0.8,6153,pid_21077358/,52,-19e3,-0.0867579908675799,2
1632 Thomas Avenue,Saint Paul,55104,2,1,0,2,872,179e3,19e4,2017-11-21,2018-01-12,Hamline/Midway,0.4,3875,pid_21074021/,52,11e3,0.061452513966480445,1
1503 Portland Avenue,Saint Paul,55104,5,1,1,2,2025,399500,385e3,2017-11-17,2018-01-12,Summit/University,0.4,4545,pid_21038988/,56,-14500,-0.03629536921151439,2
5321 Woodlawn Boulevard,Minneapolis,55417,4,1,1,2,2170,44e4,44e4,2017-11-14,2018-01-12,Keewaydin,0.4,133,pid_21008670/,59,0,0,3
1723 Field Avenue,Saint Paul,55116,3,1,1,2,2115,299900,283e3,2017-11-15,2018-01-12,Highland,0.6,2768,pid_21002778/,58,-16900,-0.05635211737245749,2
1108 Jessamine Avenue E,Saint Paul,55106,2,1,0,0,672,85e3,8e4,2017-11-14,2018-01-12,Payne/Phalen,0.8,9685,pid_20993105/,59,-5e3,-0.058823529411764705,2
1712 Montana Avenue E,Saint Paul,55106,2,1,1,2,1596,194900,198e3,2017-11-12,2018-01-12,Greater East Side,0.4,5697,pid_20949318/,61,3100,0.01590559261159569,1
2130 Bryant Avenue N,Minneapolis,55411,4,2,0,2,2016,155325,207e3,2017-11-10,2018-01-12,Hawthorne,0.4,697,pid_20922939/,63,51675,0.3326895219700628,1
322 E 48th Street,Minneapolis,55419,2,1,0,0,1124,244e3,24e4,2017-11-03,2018-01-12,Field,0.2,105,pid_20801374/,70,-4e3,-0.01639344262295082,2
1417 Asbury Street,Saint Paul,55108,3,1,2,2,1655,282e3,269900,2017-11-03,2018-01-12,Como,0.6,2555,pid_20794668/,70,-12100,-0.042907801418439716,2
914 Queen Avenue N,Minneapolis,55411,3,1,1,2,1515,169900,168500,2017-10-27,2018-01-12,Willard - Hay,0.6,689,pid_20697408/,77,-1400,-0.00824014125956445,2
2122 Thomas Avenue N,Minneapolis,55411,3,1,0,0,1240,149900,139950,2017-10-19,2018-01-12,Willard - Hay,0.8,689,pid_20393229/,85,-9950,-0.06637758505670446,2
2178 3rd Street E,Saint Paul,55119,4,1,1,1,929,225e3,215e3,2017-10-18,2018-01-12,Conway/Battlecreek/Highwood,0.5,4453,pid_20390267/,86,-1e4,-0.044444444444444446,2
1371 Nebraska Avenue W,Saint Paul,55108,5,2,5,0,2598,425e3,37e4,2017-10-05,2018-01-12,Como,0.1,2555,pid_20183191/,99,-55e3,-0.12941176470588237,2
1901 Palace Avenue,Saint Paul,55105,5,4,1,3,3385,689e3,625e3,2017-10-05,2018-01-12,Macalester-Groveland,0.5,2082,pid_20178971/,99,-64e3,-0.09288824383164006,2
919 Desoto Street,Saint Paul,55130,3,1,1,0,1185,135e3,13e4,2017-10-05,2018-01-12,Payne/Phalen,0.2,9685,pid_20170175/,99,-5e3,-0.037037037037037035,2
4904 Harriet Avenue,Minneapolis,55419,3,1,1,3,2160,48e4,42e4,2017-09-29,2018-01-12,Tangletown,0.2,179,pid_20092047/,105,-6e4,-0.125,2
4620 Ewing Avenue S,Minneapolis,55410,4,1,1,2,2172,559900,545e3,2017-09-27,2018-01-12,Linden Hills,0.7,151,pid_20060728/,107,-14900,-0.02661189498124665,2
3319 Russell Avenue N,Minneapolis,55412,3,2,2,2,1560,199900,189900,2017-09-26,2018-01-12,Cleveland,0.1,232,pid_20029924/,108,-1e4,-0.05002501250625312,2
3459 James Avenue N,Minneapolis,55412,3,1,0,1,1348,125e3,125e3,2017-09-18,2018-01-12,Folwell,0.4,589,pid_19919612/,116,0,0,3
1663 Nevada Avenue E,Saint Paul,55106,3,1,0,1,1205,179900,16e4,2017-09-08,2018-01-12,Greater East Side,0.4,5697,pid_19790916/,126,-19900,-0.11061700944969427,2
459 Laurel Avenue,Saint Paul,55102,3,2,1,2,2038,485e3,448e3,2017-09-07,2018-01-12,Summit/University,0.9,4545,pid_19779919/,127,-37e3,-0.07628865979381444,2
2129 Waukon Avenue,Saint Paul,55119,3,1,0,1,983,139900,139900,2017-09-05,2018-01-12,Greater East Side,0.9,5697,pid_19772026/,129,0,0,3
2231 Hillside Avenue,Saint Paul,55108,3,1,1,2,2685,475e3,445e3,2017-08-31,2018-01-12,St. Anthony,0.2,1314,pid_19688817/,134,-3e4,-0.06315789473684211,2
5933 Park Avenue,Minneapolis,55417,3,1,1,2,2066,349900,273500,2017-08-31,2018-01-12,Diamond Lake,0.9,159,pid_19682006/,134,-76400,-0.21834809945698772,2
1027 Minnehaha Avenue W,Saint Paul,55104,2,1,1,1,1363,179900,159e3,2017-08-11,2018-01-12,Thomas/Dale(Frogtown),0.8,5108,pid_19390740/,154,-20900,-0.11617565314063369,2
5345 1st Avenue S,Minneapolis,55419,3,1,0,1,1700,249900,265e3,2017-08-03,2018-01-12,Tangletown,0.5,179,pid_19257642/,162,15100,0.06042416966786715,1
1990 Ivy Avenue E,Saint Paul,55119,4,2,0,2,1880,224900,214900,2017-07-27,2018-01-12,Greater East Side,0.3,5697,pid_19123398/,169,-1e4,-0.044464206313917294,2
280 Winona Street E,Saint Paul,55107,3,1,1,2,1e3,199900,180900,2017-06-22,2018-01-12,West Side,0.6,3405,pid_18582915/,204,-19e3,-0.09504752376188094,2
4904 Humboldt Lane N,Minneapolis,55430,3,1,2,2,1910,338545,338545,2017-06-03,2018-01-12,Lind - Bohanon,0.2,352,pid_18277317/,223,0,0,3
2001 Morgan Avenue,Saint Paul,55116,3,1,1,2,975,299900,259900,2017-06-03,2018-01-12,Highland,0.9,2768,pid_18274564/,223,-4e4,-0.13337779259753252,2
1312 Russell Avenue N,Minneapolis,55411,3,1,0,2,1093,109900,138e3,2017-03-22,2018-01-12,Willard - Hay,0.5,689,pid_17048384/,296,28100,0.2556869881710646,1
4223 15th Avenue S,Minneapolis,55407,3,1,1,1,1507,25e4,252500,2017-12-01,2018-01-11,Northrop,1.1,225,pid_21173068/,41,2500,0.01,1
3822 E 49th Street,Minneapolis,55417,5,2,2,2,2763,575e3,575e3,2017-11-29,2018-01-11,Minnehaha,0.7,151,pid_21143007/,43,0,0,3
5242 Dupont Avenue N,Minneapolis,55430,3,1,2,2,1950,169900,17e4,2017-11-22,2018-01-11,Lind - Bohanon,0.3,352,pid_21099637/,50,100,5.885815185403178e-4,1
2718 Johnson Street NE,Minneapolis,55418,2,1,0,1,960,199900,204e3,2017-08-14,2018-01-11,Audubon Park,0.3,184,pid_19406487/,150,4100,0.02051025512756378,1
864 19th Avenue Se,Minneapolis,55414,5,1,2,2,2326,294900,288e3,2017-05-17,2018-01-11,Como,2.1,2555,pid_17991998/,239,-6900,-0.023397761953204477,2
3230 Logan Avenue N,Minneapolis,55412,3,1,1,1,1340,173500,171e3,2017-12-05,2018-01-11,Folwell,0.3,589,pid_21223216/,37,-2500,-0.01440922190201729,2
5232 Drew Avenue S,Minneapolis,55410,2,1,1,2,770,329900,32e4,2017-11-28,2018-01-11,Fulton,0.6,137,pid_21144823/,44,-9900,-0.030009093664746894,2
4436 43rd Avenue S,Minneapolis,55406,3,1,1,2,1111,129900,186e3,2017-11-17,2018-01-11,Hiawatha,0.3,341,pid_21039618/,55,56100,0.43187066974595845,1
461 Nevada Avenue E,Saint Paul,55130,4,1,1,2,1487,204900,205e3,2017-11-13,2018-01-11,Payne/Phalen,1,9685,pid_20978167/,59,100,4.880429477794046e-4,1
723 Orange Avenue E,Saint Paul,55106,2,1,0,1,1136,144900,122500,2017-11-10,2018-01-11,Payne/Phalen,0.6,9685,pid_20926773/,62,-22400,-0.15458937198067632,2
829 Lawson Avenue E,Saint Paul,55106,2,1,0,1,734,63e3,57e3,2017-10-31,2018-01-11,Payne/Phalen,0.7,9685,pid_20743681/,72,-6e3,-0.09523809523809523,2
1801 Mechanic Avenue,Saint Paul,55119,4,2,0,2,1852,199900,199900,2017-09-15,2018-01-11,Greater East Side,0.2,5697,pid_19897508/,118,0,0,3
1396 Margaret Street,Saint Paul,55106,2,1,1,1,1371,178500,175e3,2017-08-20,2018-01-11,Dayton's Bluff,0.3,5074,pid_19530303/,144,-3500,-0.0196078431372549,2
2021 E Hawthorne Avenue E,Saint Paul,55119,3,1,0,1,1274,175e3,162500,2017-08-02,2018-01-11,Greater East Side,0.4,5697,pid_19210408/,162,-12500,-0.07142857142857142,2
3501 Girard Avenue N,Minneapolis,55412,3,1,0,2,1824,17e4,157500,2017-07-13,2018-01-11,Folwell,0.6,589,pid_18897810/,182,-12500,-0.07352941176470588,2
613 Goodrich Avenue,Saint Paul,55102,5,3,1,2,3449,92e4,92e4,2018-01-10,2018-01-10,Summit Hill,1.3,1445,pid_21820413/,0,0,0,3
2428 Bryant Avenue S,Minneapolis,55405,4,1,1,2,2496,51e4,5e5,2017-11-22,2018-01-10,Lowry Hill East,0.3,660,pid_21091918/,49,-1e4,-0.0196078431372549,2
6020 Russell Avenue S,Minneapolis,55410,3,1,1,2,1600,299900,305e3,2017-11-27,2018-01-10,Armatage,0.7,96,pid_21118007/,44,5100,0.017005668556185394,1
5516 45th Avenue S,Minneapolis,55417,1,1,0,1,612,157e3,152500,2017-11-22,2018-01-10,Morris Park,1.1,81,pid_21095050/,49,-4500,-0.028662420382165606,2
4558 29th Avenue S,Minneapolis,55406,3,1,0,0,858,189900,175e3,2017-11-14,2018-01-10,Ericsson,0.4,128,pid_20985163/,57,-14900,-0.0784623486045287,2
2815 Lyndale Avenue N,Minneapolis,55411,5,2,0,2,2105,174e3,167e3,2017-09-13,2018-01-10,Hawthorne,0.2,697,pid_19846823/,119,-7e3,-0.040229885057471264,2
3628 Architect Avenue,Minneapolis,55418,3,1,2,1,1950,249900,215e3,2017-08-02,2018-01-10,Columbia Park,0.8,63,pid_19241320/,161,-34900,-0.139655862344938,2
679 Burr Street,Saint Paul,55130,2,1,0,2,884,129900,145e3,2017-06-25,2018-01-10,Payne/Phalen,0.7,9685,pid_18630657/,199,15100,0.11624326404926867,1
5617 1st Avenue S,Minneapolis,55419,1,0,2,1,920,175e3,175e3,2017-12-18,2018-01-09,Windom,0.9,217,pid_21415179/,22,0,0,3
4205 44th Avenue S,Minneapolis,55406,3,1,0,1,1276,235e3,223e3,2017-11-17,2018-01-09,Hiawatha,0.1,341,pid_21036972/,53,-12e3,-0.05106382978723404,2
564 Brimhall Street,Saint Paul,55116,3,1,0,1,1436,274900,275e3,2017-11-27,2018-01-09,Highland,0.2,2768,pid_21115357/,43,100,3.637686431429611e-4,1
2023 4th Street E,Saint Paul,55119,3,1,1,2,1826,169900,175e3,2017-11-13,2018-01-09,Conway/Battlecreek/Highwood,0.2,4453,pid_20952594/,57,5100,0.03001765744555621,1
3323 Cedar Lake Avenue,Minneapolis,55416,3,1,3,2,4223,13e5,124e4,2017-11-27,2018-01-08,Cedar - Isles - Dean,0.9,154,pid_21118550/,42,-6e4,-0.046153846153846156,2
3808 11th Avenue S,Minneapolis,55407,2,1,0,2,1451,15e4,15e4,2017-12-29,2018-01-08,Bancroft,1.7,166,pid_21684811/,10,0,0,3
2626 Queen Avenue N,Minneapolis,55411,5,2,1,2,1845,225e3,225e3,2017-12-02,2018-01-08,Jordan,0.6,862,pid_21189988/,37,0,0,3
5100 16th Avenue S,Minneapolis,55417,2,1,1,1,1018,234900,233400,2017-12-01,2018-01-08,Hale,0.4,58,pid_21188928/,38,-1500,-0.006385696040868455,2
1616 Blair Avenue,Saint Paul,55104,3,1,0,1,1407,245e3,24e4,2017-11-22,2018-01-08,Hamline/Midway,0.3,3875,pid_21100818/,47,-5e3,-0.02040816326530612,2
476 York Avenue,Saint Paul,55130,3,1,0,0,1142,99900,95900,2017-11-03,2018-01-08,Payne/Phalen,0.2,9685,pid_20794379/,66,-4e3,-0.04004004004004004,2
806 Carroll Avenue,Saint Paul,55104,2,1,0,0,978,129900,119900,2017-10-30,2018-01-08,Summit/University,0.2,4545,pid_20731465/,70,-1e4,-0.07698229407236336,2
3601 Dupont Avenue S,Minneapolis,55409,4,2,0,2,1770,395e3,37e4,2017-10-27,2018-01-08,East Harriet,0.6,125,pid_20705778/,73,-25e3,-0.06329113924050633,2
670 Case Avenue,Saint Paul,55106,3,1,0,1,1128,99900,85e3,2017-10-24,2018-01-08,Payne/Phalen,0.2,9685,pid_20630537/,76,-14900,-0.14914914914914915,2
3504 Stevens Avenue,Minneapolis,55408,5,1,1,2,2645,249900,257500,2017-10-11,2018-01-08,Lyndale,0.4,533,pid_20274615/,89,7600,0.03041216486594638,1
2530 Vincent Avenue N,Minneapolis,55411,3,1,0,2,1050,175e3,166e3,2017-09-29,2018-01-08,Willard - Hay,0.8,689,pid_20089004/,101,-9e3,-0.05142857142857143,2
2862 James Avenue S,Minneapolis,55408,3,2,0,2,2542,699e3,579750,2017-09-14,2018-01-08,East Isles,0.8,255,pid_19874893/,116,-119250,-0.17060085836909872,2
1997 Berkeley Avenue,Saint Paul,55105,4,1,2,2,1948,372500,369900,2017-08-28,2018-01-08,Macalester-Groveland,0.1,2082,pid_19653273/,133,-2600,-0.00697986577181208,2
1240 Watson Avenue,Saint Paul,55116,3,2,2,2,2400,464900,442500,2017-08-18,2018-01-08,Highland,0.5,2768,pid_19509330/,143,-22400,-0.04818240481824048,2
457 Macalester Street,Saint Paul,55105,3,1,1,1,1328,274900,283e3,2017-11-29,2018-01-05,Macalester-Groveland,0.9,2082,pid_21151498/,37,8100,0.029465260094579847,1
4838 32nd Avenue S,Minneapolis,55417,2,1,0,1,1360,229e3,239400,2017-11-26,2018-01-05,Keewaydin,0.5,133,pid_21110606/,40,10400,0.045414847161572056,1
977 Fuller Avenue,Saint Paul,55104,2,1,0,1,847,155e3,155e3,2017-11-09,2018-01-05,Summit/University,0.3,4545,pid_20904205/,57,0,0,3
5239 York Avenue S,Minneapolis,55410,3,1,1,2,1900,427500,427500,2017-10-26,2018-01-05,Fulton,0.4,137,pid_20668467/,71,0,0,3
1215 Juliet Avenue,Saint Paul,55105,3,1,1,1,1752,339900,340500,2017-10-24,2018-01-05,Macalester-Groveland,0.2,2082,pid_20628348/,73,600,0.00176522506619594,1
743 Iowa Avenue W,Saint Paul,55117,3,1,0,2,1050,21e4,198e3,2017-10-07,2018-01-05,Como,0.9,2555,pid_20213074/,90,-12e3,-0.05714285714285714,2
1288 Rice Street,Saint Paul,55117,2,1,1,2,1200,145e3,135500,2017-10-06,2018-01-05,North End,1.3,6153,pid_20190346/,91,-9500,-0.06551724137931035,2
4736 Ewing Avenue S,Minneapolis,55410,4,1,3,2,3030,839e3,765e3,2017-09-22,2018-01-05,Fulton,0.6,137,pid_19994271/,105,-74e3,-0.08820023837902265,2
