address,city,zip,beds,bathf,bathp,carg,price,sqft,pid,soldatpr,soldatdate,listedatdate,neighb,schdist,ncrime
5932 14th Avenue S,Minneapolis,55417,3,1,1,2,315000,1850,pid_20709595/,315000,2018-02-01,2017-10-28,Diamond Lake,0.8,159
2654 Stinson Parkway NE,Minneapolis,55418,3,1,2,3,308850,2870,pid_20313893/,308850,2018-02-01,2017-10-13,Audubon Park,1,184
4831 Camden Avenue N,Minneapolis,55430,2,1,1,3,123500,1001,pid_21725180/,123500,2018-02-01,2018-01-03,Lind - Bohanon,0.3,352
6005 Knox Avenue S,Minneapolis,55419,4,1,1,3,409000,2403,pid_21175281/,409000,2018-02-01,2017-12-01,Kenny,0.5,84
3422 W 46th Street,Minneapolis,55410,3,1,1,3,387500,1822,pid_21201050/,387500,2018-01-31,2017-12-04,Linden Hills,0.5,151
40 Cook Avenue W,Saint Paul,55117,3,1,0,3,160000,1644,pid_21134768/,160000,2018-01-31,2017-11-28,North End,0.9,6153
3828 Harriet Avenue,Minneapolis,55409,3,1,1,3,315000,1858,pid_20697738/,315000,2018-01-31,2017-10-27,King Field,0.6,328
931 Osceola Avenue,Saint Paul,55105,2,1,1,3,419000,1812,pid_20634896/,419000,2018-01-31,2017-10-24,Tangletown,0.9,179
704 White Bear Avenue N,Saint Paul,55106,2,1,1,2,138000,1089,pid_20224294/,138000,2018-01-31,2017-10-08,Conway/Battlecreek/Highwood,0.4,4453
1061 Ashland Avenue,Saint Paul,55104,4,1,0,3,230000,1675,pid_18769392/,230000,2018-01-31,2017-07-05,Summit/University,0.7,4545
1465 Ames Avenue,Saint Paul,55106,5,3,0,5,225000,2527,pid_21898690/,225000,2018-01-31,2018-01-16,Greater East Side,0.5,5697
425 Brainerd Avenue,Saint Paul,55101,3,1,1,3,125000,1236,pid_21690020/,125000,2018-01-31,2017-12-29,Payne/Phalen,0.5,9685
1955 3rd Street E,Saint Paul,55119,3,1,1,2,175500,1330,pid_21474176/,175500,2018-01-31,2017-12-20,Conway/Battlecreek/Highwood,0.3,4453
967 Fuller Avenue,Saint Paul,55104,2,1,0,2,200000,1560,pid_21292535/,200000,2018-01-31,2017-12-11,Summit/University,0.3,4545
2508 Nokomis Avenue,Saint Paul,55119,3,1,0,3,189900,1052,pid_21265666/,189900,2018-01-31,2017-12-08,Greater East Side,0.8,5697
5548 41st Avenue S,Minneapolis,55417,3,1,0,3,241600,1531,pid_21106400/,241600,2018-01-31,2017-11-25,Morris Park,0.9,81
3522 Lyndale Avenue N,Minneapolis,55412,3,1,2,3,211000,2030,pid_21016758/,211000,2018-01-31,2017-11-16,Mckinley,0.3,335
1331 4th Street E,Saint Paul,55106,3,1,1,1,149900,1064,pid_20935264/,149900,2018-01-31,2017-11-10,Dayton's Bluff,0.4,5074
1074 Albemarle Street,Saint Paul,55117,5,1,1,3,164000,1671,pid_20309525/,164000,2018-01-31,2017-10-13,North End,1.2,6153
1616 3rd Street E,Saint Paul,55106,4,1,2,2,222500,2009,pid_19754103/,222500,2018-01-31,2017-09-05,Conway/Battlecreek/Highwood,0.3,4453
1630 Margaret Street,Saint Paul,55106,3,1,0,2,150000,903,pid_19636215/,150000,2018-01-31,2017-08-28,Conway/Battlecreek/Highwood,0.2,4453
3830 Aldrich Avenue N,Minneapolis,55412,3,1,1,2,159900,1254,pid_21194229/,159900,2018-01-30,2017-12-03,Webber - Camden,1,460
1981 Arlington Avenue E,Saint Paul,55119,3,1,1,4,217000,1822,pid_21156161/,217000,2018-01-30,2017-11-30,Greater East Side,0.3,5697
1057 Westminster Street,Saint Paul,55130,3,1,0,3,139000,1100,pid_20780631/,139000,2018-01-30,2017-11-02,Payne/Phalen,0.2,9685
588 Lexington Parkway N,Saint Paul,55104,4,1,0,2,230000,1759,pid_20311260/,230000,2018-01-30,2017-10-13,Thomas/Dale(Frogtown),0.7,5108
1635 W 26th Street,Minneapolis,55405,4,2,1,3,995000,3753,pid_19829724/,995000,2018-01-30,2017-09-11,East Isles,0.5,255
759 Lafond Avenue,Saint Paul,55104,3,1,1,3,109000,1220,pid_21722660/,109000,2018-01-30,2018-01-03,Thomas/Dale(Frogtown),0.6,5108
761 Lafond Avenue,Saint Paul,55104,3,1,1,3,115000,1220,pid_21721466/,115000,2018-01-30,2018-01-03,Thomas/Dale(Frogtown),0.6,5108
1092 Sims Avenue,Saint Paul,55106,3,1,1,3,170000,1124,pid_21691362/,170000,2018-01-30,2017-12-30,Payne/Phalen,0.6,9685
3837 Park Avenue,Minneapolis,55407,3,2,0,2,245500,1688,pid_21472235/,245500,2018-01-30,2017-12-20,Bryant,0.6,118
1289 McAfee Street,Saint Paul,55106,4,2,1,4,300000,2036,pid_21463247/,300000,2018-01-30,2017-12-19,Greater East Side,0.8,5697
1268 Margaret Street,Saint Paul,55106,3,1,0,3,164300,1200,pid_21306490/,164300,2018-01-30,2017-12-13,Dayton's Bluff,0.6,5074
907 4th Street E,Saint Paul,55106,5,1,2,3,240000,2128,pid_21272092/,240000,2018-01-30,2017-12-09,Dayton's Bluff,0.3,5074
826 Oliver Avenue N,Minneapolis,55411,3,2,0,3,140500,1118,pid_21244032/,140500,2018-01-30,2017-12-07,Near - North,0.6,847
1103 Lincoln Avenue,Saint Paul,55105,5,1,1,3,308000,2200,pid_21203267/,308000,2018-01-30,2017-12-04,Summit Hill,0.7,1445
558 Point Douglas Road S,Saint Paul,55119,3,1,0,3,188000,1105,pid_21179287/,188000,2018-01-30,2017-12-01,Conway/Battlecreek/Highwood,0.6,4453
4217 Nokomis Avenue,Minneapolis,55406,3,1,0,3,320000,1254,pid_22699639/,320000,2018-01-30,2017-11-29,Ericsson,0.1,128
412 View Street,Saint Paul,55102,2,1,1,2,161000,1508,pid_21089876/,161000,2018-01-30,2017-01-22,West Seventh,1.5,2784
882 Fuller Avenue,Saint Paul,55104,4,1,1,2,202000,2000,pid_20824721/,202000,2018-01-30,2017-11-06,Summit/University,0.1,4545
91 McKnight Road N,Saint Paul,55119,3,1,1,3,210000,1920,pid_20364395/,210000,2018-01-30,2017-10-18,Conway/Battlecreek/Highwood,0.3,4453
1720 Iowa Avenue E,Saint Paul,55106,3,1,1,3,175100,1081,pid_20182907/,175100,2018-01-30,2017-10-05,Greater East Side,0.4,5697
2634 Jackson Street NE,Minneapolis,55418,3,1,1,4,249900,1542,pid_19683958/,249900,2018-01-30,2017-08-31,Holland,0.5,279
3415 19th Avenue S,Minneapolis,55407,1,1,0,1,147000,892,pid_19588346/,147000,2018-01-30,2017-08-24,Corcoran,1,313
4213 Washburn Avenue S,Minneapolis,55410,3,1,1,1,402000,1698,pid_21734880/,147000,2018-01-30,2018-01-04,Linden Hills,0.5,151
5612 Humboldt Avenue S,Minneapolis,55419,4,2,1,3,397500,2023,pid_21107504/,397500,2018-01-29,2017-11-25,Kenny,0.2,84
2817 W 40th Street,Minneapolis,55410,3,1,1,2,625000,2419,pid_20303264/,625000,2018-01-29,2017-10-13,Linden Hills,0.5,151
2627 James Avenue N,Minneapolis,55411,3,1,1,3,130000,1334,pid_19648483/,130000,2018-01-29,2017-08-29,Jordan,0.5,862
5521 27th Avenue S,Minneapolis,55417,3,1,0,2,229900,1404,pid_21320902/,229900,2018-01-29,2017-12-14,Wenonah,0.3,175
20 Belvidere Street E,Saint Paul,55107,3,1,1,2,239000,1824,pid_21312040/,239000,2018-01-29,2017-12-13,West Side,0.3,3405
1984 Larpenteur Avenue E,Saint Paul,55109,3,1,1,3,180000,1545,pid_21310501/,180000,2018-01-29,2017-12-13,Greater East Side,0.7,5697
1205 Irving Avenue N,Minneapolis,55411,4,1,3,3,219900,2322,pid_21254861/,219900,2018-01-29,2017-12-07,Near - North,0.3,847
4530 Thomas Avenue N,Minneapolis,55412,3,1,0,2,194000,1516,pid_20739065/,194000,2018-01-29,2017-10-31,Victory,0.2,265
5404 Park Avenue,Minneapolis,55417,3,1,1,3,420000,2247,pid_20723697/,420000,2018-01-29,2017-10-30,Page,0.4,30
924 Lafond Avenue,Saint Paul,55104,3,2,0,2,177000,1640,pid_20669616/,177000,2018-01-29,2017-10-26,Thomas/Dale(Frogtown),0.6,5108
5953 Fremont Avenue S,Minneapolis,55419,4,1,1,3,325000,1600,pid_20287359/,325000,2018-01-29,2017-10-11,Kenny,0.3,84
1955 Montana Avenue E,Saint Paul,55119,3,1,0,2,158500,1042,pid_20156706/,158500,2018-01-29,2017-10-04,Greater East Side,0.4,5697
1049 Lincoln Avenue,Saint Paul,55105,3,1,2,3,526500,2699,pid_19884526/,526500,2018-01-29,2017-09-15,Summit Hill,0.7,1445
988 Kennard Street,Saint Paul,55106,3,1,1,3,200000,1453,pid_19359809/,200000,2018-01-29,2017-08-10,Greater East Side,0.4,5697
1455 Maywood Street,Saint Paul,55117,3,1,0,2,215000,1221,pid_19668027/,215000,2018-01-27,2017-08-30,Como,0.7,2555
4406 Cedar Avenue S,Minneapolis,55407,4,1,1,3,300000,1704,pid_21306011/,300000,2018-01-26,2017-12-13,Northrop,1,225
4156 Minnehaha Avenue,Minneapolis,55406,3,1,0,3,231500,1525,pid_21051835/,231500,2018-01-26,2017-11-18,Hiawatha,0.4,341
5344 Ewing Avenue S,Minneapolis,55410,2,1,0,2,393000,1386,pid_20751252/,393000,2018-01-26,2017-11-01,Fulton,0.8,137
2325 Walton Place,Minneapolis,55411,2,1,1,3,76900,843,pid_21709850/,76900,2018-01-26,2018-01-02,Willard - Hay,0.9,689
1096 Mackubin Street,Saint Paul,55117,3,1,1,2,172000,1334,pid_21359563/,172000,2018-01-26,2017-12-18,North End,0.5,6153
1 Linder Court,Saint Paul,55106,3,1,1,2,185000,1578,pid_21338497/,185000,2018-01-26,2017-12-14,Conway/Battlecreek/Highwood,0.2,4453
5421 28th Avenue S,Minneapolis,55417,3,1,0,1,226500,1241,pid_21252116/,226500,2018-01-26,2017-12-07,Wenonah,0.3,175
1823 Girard Avenue N,Minneapolis,55411,3,1,1,3,184900,1911,pid_21198428/,184900,2018-01-26,2017-12-04,Near - North,0.3,847
3311 Cleveland Street NE,Minneapolis,55418,3,1,1,3,269900,1700,pid_21098826/,269900,2018-01-26,2017-11-24,Waite Park,0.2,155
487 Ruth Street N,Saint Paul,55119,3,2,0,2,225000,1712,pid_20923060/,225000,2018-01-26,2017-11-10,Conway/Battlecreek/Highwood,0.4,4453
5256 37th Avenue S,Minneapolis,55417,4,1,2,3,294140,2163,pid_20915082/,294140,2018-01-26,2017-11-10,Minnehaha,0.5,151
1991 5th Street E,Saint Paul,55119,2,1,0,2,149000,740,pid_20880370/,149000,2018-01-26,2017-11-08,Conway/Battlecreek/Highwood,0.1,4453
4163 Burton Lane,Minneapolis,55406,3,1,2,3,428000,2758,pid_20799044/,428000,2018-01-26,2017-11-03,Hiawatha,0.3,341
88 Geranium Avenue W,Saint Paul,55117,3,1,1,3,175000,1752,pid_20673377/,175000,2018-01-26,2017-10-26,Como,1.1,2555
1721 Cottage Avenue E,Saint Paul,55106,3,1,0,3,153000,864,pid_20644451/,153000,2018-01-26,2017-10-25,Greater East Side,0.3,5697
2037 Selby Avenue,Saint Paul,55104,3,1,1,3,425000,2546,pid_20369763/,425000,2018-01-26,2017-10-18,Summit/University,0.8,4545
2536 28th Avenue S,Minneapolis,55406,4,1,2,5,236000,1040,pid_20368335/,236000,2018-01-26,2017-10-18,Seward,0.4,527
5936 Newton Avenue S,Minneapolis,55419,4,2,0,3,274000,1629,pid_20293859/,274000,2018-01-26,2017-10-12,Armatage,0.4,96
467 Portland Avenue,Saint Paul,55102,6,2,2,3,775000,5278,pid_20124555/,775000,2018-01-26,2017-10-02,Summit/University,1.1,4545
2400 13th Avenue S,Minneapolis,55404,5,2,0,3,284900,3382,pid_19844001/,284900,2018-01-26,2017-09-12,Midtown Phillips,0.4,581
463 Mount Curve Boulevard,Saint Paul,55105,4,2,1,3,625000,3442,pid_19819053/,625000,2018-01-26,2017-09-11,Macalester-Groveland,0.6,2082
1505 Dale Street N,Saint Paul,55117,3,1,1,3,176000,1692,pid_19618443/,176000,2018-01-26,2017-08-26,Como,0.8,2555
4710 Dupont Avenue N,Minneapolis,55430,1,1,0,2,86000,800,pid_19507853/,86000,2018-01-26,2017-08-18,Lind - Bohanon,0.4,352
642 Brimhall Street,Saint Paul,55116,3,2,1,3,440000,2204,pid_22703672/,440000,2018-01-25,2017-08-12,Highland,0.3,2768
1524 Alameda Street,Saint Paul,55117,2,1,0,3,180000,1103,pid_21317775/,180000,2018-01-25,2017-12-14,Como,0.8,2555
4324 Colfax Avenue S,Minneapolis,55409,3,2,0,3,478500,2137,pid_21028208/,478500,2018-01-25,2017-11-16,East Harriet,0.9,125
682 Lowry Avenue NE,Minneapolis,55418,2,1,0,1,75000,864,pid_21472968/,75000,2018-01-25,2017-12-20,Holland,1,279
1607 Upton Avenue N,Minneapolis,55411,4,2,0,3,255000,2700,pid_21426090/,255000,2018-01-25,2017-12-18,Willard - Hay,1.1,689
4718 Emerson Avenue N,Minneapolis,55430,4,3,0,3,265500,1745,pid_21313407/,265500,2018-01-25,2017-12-13,Lind - Bohanon,0.4,352
1075 Dale Street N,Saint Paul,55117,3,1,1,3,208750,1577,pid_21204361/,208750,2018-01-25,2017-12-04,Como,0.4,2555
1113 Hudson Road,Saint Paul,55106,3,1,0,3,179400,1480,pid_21120610/,179400,2018-01-25,2017-11-27,Dayton's Bluff,0.7,5074
5752 20th Avenue S,Minneapolis,55417,4,1,1,2,270000,1800,pid_21114646/,270000,2018-01-25,2017-11-27,Wenonah,0.3,175
76 Prospect Boulevard,Saint Paul,55107,4,1,1,2,400000,2200,pid_20407471/,400000,2018-01-25,2017-10-20,West Side,0.7,3405
1617 Hewitt Avenue,Saint Paul,55104,2,1,1,2,158500,1072,pid_20074991/,158500,2018-01-25,2017-09-28,Hamline/Midway,0.2,3875
313 King Street W,Saint Paul,55107,3,1,1,3,207000,1423,pid_21671786/,207000,2018-01-24,2017-12-28,West Side,0.3,3405
1303 Hubbard Avenue,Saint Paul,55104,4,2,0,3,249900,1880,pid_21073161/,249900,2018-01-24,2017-11-21,Hamline/Midway,0.5,3875
678 Maryland Avenue W,Saint Paul,55117,2,2,0,3,170000,1770,pid_20942158/,170000,2018-01-24,2017-11-11,Como,0.1,2555
4408 47th Avenue S,Minneapolis,55406,5,2,3,4,550000,3920,pid_20919990/,550000,2018-01-24,2017-11-10,Hiawatha,0.4,341
5125 14th Avenue S,Minneapolis,55417,4,1,0,2,364000,1368,pid_20029164/,364000,2018-01-24,2017-09-26,Hale,0.3,58
4540 Penn Avenue N,Minneapolis,55412,5,1,1,3,209000,1898,pid_21803186/,209000,2018-01-24,2018-01-09,Victory,0.3,265
901 Summer Street NE,Minneapolis,55413,3,1,1,3,207000,1292,pid_21641882/,207000,2018-01-24,2017-12-21,St. Anthony East,0.4,111
3534 Upton Avenue N,Minneapolis,55412,3,1,0,2,145000,1014,pid_20919691/,145000,2018-01-24,2017-11-10,Cleveland,0.4,232
766 Jackson Street,Saint Paul,55117,3,1,1,3,190500,1800,pid_20380688/,190500,2018-01-24,2017-10-19,North End,0.8,6153
3334 Taylor Street NE,Minneapolis,55418,1,1,0,2,171900,1439,pid_21660018/,171900,2018-01-23,2017-12-26,Waite Park,0.5,155
2012 Sheridan Avenue S,Minneapolis,55405,3,3,1,4,749000,3138,pid_19247699/,749000,2018-01-23,2017-08-03,Lyndale,0.3,533
1817 Highland Parkway,Saint Paul,55116,3,2,2,1,415000,1459,pid_22617415/,415000,2018-01-23,2017-07-28,Highland,0.7,2768
2115 E 35th Street,Minneapolis,55407,4,1,2,3,259900,2298,pid_21322258/,259900,2018-01-23,2017-12-14,Corcoran,1.3,313
1818 Wellesley Avenue,Saint Paul,55105,3,1,1,3,450000,1836,pid_21204178/,450000,2018-01-23,2017-12-04,Macalester-Groveland,0.5,2082
3000 E 35th Street,Minneapolis,55406,2,2,0,2,165100,964,pid_21145342/,165100,2018-01-22,2017-11-29,Howe,0.8,308
700 Thomas Avenue N,Minneapolis,55411,2,1,0,2,115000,768,pid_20741506/,115000,2018-01-22,2017-10-31,Willard - Hay,0.8,689
5043 30th Avenue S,Minneapolis,55417,2,1,1,3,268000,1656,pid_21279566/,268000,2018-01-22,2017-12-11,Keewaydin,0.2,133
1314 Main Street NE,Minneapolis,55413,2,1,1,3,255000,1214,pid_20947927/,255000,2018-01-22,2017-11-12,Sheridan,0.8,186
4845 Lyndale Avenue S,Minneapolis,55419,3,2,2,3,504900,2580,pid_20907633/,504900,2018-01-22,2017-11-09,Tangletown,0.4,179
1837 Colvin Avenue,Saint Paul,55116,4,2,3,3,425000,3055,pid_20416018/,425000,2018-01-22,2017-10-21,Highland,0.4,2768
4912 Aldrich Avenue N,Minneapolis,55430,3,1,1,2,159900,1399,pid_20272461/,159900,2018-01-22,2017-10-10,Lind - Bohanon,0.2,352
4607 Sheridan Avenue N,Minneapolis,55412,3,1,1,4,158000,1880,pid_20886651/,158000,2018-01-19,2017-11-08,Victory,0.2,265
2315 Cleveland Street NE,Minneapolis,55418,2,1,1,3,202000,1020,pid_20352333/,202000,2018-01-19,2017-10-17,Windom Park,0.2,208
3833 Lyndale Avenue S,Minneapolis,55409,4,1,1,3,400000,2150,pid_20108487/,400000,2018-01-19,2017-09-30,King Field,0.6,328
5348 Zenith Avenue S,Minneapolis,55410,4,2,1,3,715000,2578,pid_19986850/,715000,2018-01-19,2017-09-22,Fulton,0.6,137
1046 Wakefield Avenue,Saint Paul,55106,3,1,1,2,147400,1342,pid_19950648/,147400,2018-01-19,2017-09-20,Dayton's Bluff,0.5,5074
5617 Standish Avenue,Minneapolis,55417,3,1,2,3,278000,2040,pid_19887940/,278000,2018-01-19,2017-09-15,Wenonah,0.1,175
2910 Girard Avenue N,Minneapolis,55411,3,1,1,3,138500,1560,pid_19771324/,138500,2018-01-19,2017-09-07,Jordan,0.4,862
354 Sturgis Street,Saint Paul,55102,4,2,0,1,215450,2288,pid_22567701/,215450,2018-01-19,2017-07-28,West Seventh,1.8,2784
4020 19th Avenue S,Minneapolis,55407,3,2,0,3,268000,1349,pid_21705514/,268000,2018-01-19,2018-01-02,Standish,1,275
1349 7th Street E,Saint Paul,55106,3,1,0,2,117000,948,pid_21644904/,117000,2018-01-19,2017-12-22,Greater East Side,0.1,5697
4832 4th Avenue S,Minneapolis,55419,2,1,0,3,156500,1142,pid_21639407/,156500,2018-01-19,2017-12-21,Field,0.2,105
1267 Bayard Avenue,Saint Paul,55116,3,1,1,2,281500,1516,pid_21452064/,281500,2018-01-19,2017-12-18,Highland,0.5,2768
675 Edmund Avenue,Saint Paul,55104,2,1,1,3,143000,1278,pid_21382037/,143000,2018-01-19,2017-12-18,Thomas/Dale(Frogtown),0.5,5108
4213 Morgan Avenue N,Minneapolis,55412,3,1,1,3,193500,1675,pid_21259844/,193500,2018-01-19,2017-12-08,Lind - Bohanon,0.5,352
818 Morgan Avenue N,Minneapolis,55411,3,1,0,1,124000,1952,pid_21201923/,124000,2018-01-19,2017-12-04,Near - North,0.5,847
1166 Seminary Avenue,Saint Paul,55104,2,1,0,3,133000,768,pid_21200673/,133000,2018-01-19,2017-12-04,Hamline/Midway,0.6,3875
1132 Pleasant Avenue,Saint Paul,55102,2,1,0,4,100000,974,pid_21195489/,100000,2018-01-19,2017-12-03,West Seventh,1,2784
701 Sheridan Avenue N,Minneapolis,55411,2,1,0,2,161000,1374,pid_21178725/,161000,2018-01-19,2017-12-01,Willard - Hay,0.8,689
975 Galtier Street,Saint Paul,55117,3,1,0,3,146000,1250,pid_21140992/,146000,2018-01-19,2017-11-29,North End,1,6153
3609 45th Avenue S,Minneapolis,55406,3,1,1,3,410000,1706,pid_21084889/,410000,2018-01-19,2017-11-22,Howe,0.2,308
2021 29th Avenue S,Minneapolis,55406,4,2,2,2,317000,1940,pid_20926739/,317000,2018-01-19,2017-11-10,Seward,0.7,527
4719 Emerson Avenue N,Minneapolis,55430,3,1,0,3,165000,1569,pid_20872475/,165000,2018-01-19,2017-11-08,Lind - Bohanon,0.4,352
3350 Vincent Avenue N,Minneapolis,55412,3,1,0,2,140000,1260,pid_20676099/,140000,2018-01-19,2017-10-26,Cleveland,0.3,232
85 Atwater Street,Saint Paul,55117,3,1,1,1,184000,1248,pid_20653640/,184000,2018-01-19,2017-10-25,North End,1,6153
4909 Nicollet Avenue,Minneapolis,55419,3,2,0,2,395000,1950,pid_20350351/,395000,2018-01-19,2017-10-17,Tangletown,0.1,179
2627 Mckinley Street NE,Minneapolis,55418,3,1,1,2,265000,1402,pid_20304521/,265000,2018-01-19,2017-09-13,Audubon Park,0.5,184
1507 Knox Avenue N,Minneapolis,55411,3,1,0,2,169000,1682,pid_20272299/,169000,2018-01-19,2017-10-11,Willard - Hay,0.6,689
3115 Knox Avenue N,Minneapolis,55411,2,1,0,1,149900,792,pid_19983866,149900,2018-01-19,2017-09-22,Jordan,0.7,862
3318 Johnson Street NE,Minneapolis,55418,3,2,0,3,215000,1700,pid_19946180/,215000,2018-01-19,2017-09-20,Waite Park,0.2,155
4312 Beard Avenue S,Minneapolis,55410,4,2,2,3,939144,3467,pid_19680739/,939144,2018-01-19,2017-08-31,Linden Hills,0.3,151
963 Montana Avenue W,Saint Paul,55117,4,1,1,3,280000,2403,pid_19256249/,280000,2018-01-19,2017-08-03,Como,0.7,2555
2200 E 38th Street,Minneapolis,55407,3,1,0,3,135000,1056,pid_19108636/,135000,2018-01-19,2017-07-26,Standish,0.6,275
1611 Juno Avenue,Saint Paul,55116,3,1,0,2,261500,1720,pid_20554342/,261500,2018-01-18,2017-10-23,Highland,0.3,2768
2423 W 22nd Street,Minneapolis,55405,4,2,1,3,908275,3133,pid_19426904/,908275,2018-01-17,2017-08-15,Kenwood,0.2,33
940 Iroquois Avenue,Saint Paul,55119,1,1,0,5,137000,652,pid_21250232/,137000,2018-01-18,2017-12-07,Greater East Side,0.5,5697
5110 Morgan Avenue N,Minneapolis,55430,4,1,1,3,200000,1738,pid_21226736/,200000,2017-07-26,2017-02-03,Shingle Creek,0.2,128
1047 Wilson Avenue,Saint Paul,55106,3,1,1,3,208000,1635,pid_21084320/,208000,2018-01-18,2017-11-13,Dayton's Bluff,0.5,5074
721 Simon Avenue,Saint Paul,55117,3,1,1,2,145000,1189,pid_21008493/,145000,2017-12-29,2017-11-15,Como,0.2,2555
5247 14th Avenue S,Minneapolis,55417,3,1,1,3,293500,1715,pid_20976612/,293500,2018-01-17,2017-11-13,Hale,0.2,58
2116 2nd Avenue N,Minneapolis,55405,3,2,1,3,238000,1800,pid_20767431/,238000,2018-01-26,2017-11-01,Harrison,0.5,263
1703 Sheridan Avenue,Saint Paul,55116,2,1,0,2,170000,1056,pid_20686630/,170000,2018-01-17,2017-10-27,Highland,0.6,2768
451 Selby Avenue,Saint Paul,55102,3,2,1,3,517500,2174,pid_20414024/,517500,2017-01-18,2017-10-21,Summit/University,0.8,4545
6132 Washburn Avenue S,Minneapolis,55410,3,1,1,3,290000,2071,pid_20388010/,290000,2018-01-18,2017-10-19,Armatage,1,96
398 Banfil Street,Saint Paul,55102,3,1,0,1,150000,837,pid_20164989/,150000,2018-01-18,2017-10-04,West Seventh,1.7,2784
1687 7th Street E,Saint Paul,55106,3,1,0,2,85600,902,pid_20163154/,85600,2018-01-18,2017-10-04,Greater East Side,0.6,5697
751 Oakdale Avenue,Saint Paul,55107,2,1,0,1,138000,1021,pid_20035259/,138000,2018-01-18,2017-09-19,West Side,0.3,3405
3756 10th Avenue S,Minneapolis,55407,3,1,1,1,214900,1248,pid_19919334/,214900,2018-01-18,2017-09-18,Powderhorn Park,1.5,658
5509 Fremont Avenue S,Minneapolis,55419,4,1,1,2,304500,2106,pid_19364357/,304500,2018-01-18,2017-08-10,Kenny,0.3,84
2930 Sheridan Avenue N,Minneapolis,55411,2,1,0,1,65000,780,pid_19080954/,65000,2018-01-18,2017-07-24,Jordan,0.4,862
3821 4th Avenue S,Minneapolis,55409,2,1,0,1,102000,1186,pid_21293389/,102000,2018-01-17,2017-12-12,Bryant,0.4,118
1806 Jefferson Avenue,Saint Paul,55105,4,1,1,3,375000,1692,pid_21141306/,375000,2018-01-17,2017-11-29,Macalester-Groveland,0.5,2082
5608 Vincent Avenue S,Minneapolis,55410,3,1,2,3,480000,2040,pid_20668634/,480000,2018-01-17,2017-10-26,Armatage,0.9,96
4611 Dupont Avenue S,Minneapolis,55419,4,1,1,3,750000,2650,pid_19921831/,750000,2018-01-17,2017-09-18,Lynnhurst,0.6,117
3751 Pillsbury Avenue S,Minneapolis,55409,3,1,1,1,314900,1620,pid_19792441/,314900,2018-01-17,2017-09-08,King Field,0.5,328
2823 Grand Street NE,Minneapolis,55418,2,1,0,3,200000,960,pid_21346332/,200000,2018-01-17,2017-02-15,Marshall Terrace,1.8,77
3823 Upton Avenue N,Minneapolis,55412,3,2,0,2,230000,1692,pid_21246215/,230000,2018-01-17,2017-12-07,Cleveland,0.8,232
3815 Penn Avenue N,Minneapolis,55412,3,1,0,3,149000,1968,pid_21178785/,149000,2018-01-17,2017-12-01,Cleveland,0.7,232
5246 13th Avenue S,Minneapolis,55417,3,1,0,2,347150,1450,pid_21032792/,347150,2018-01-17,2017-11-17,Hale,0.1,58
1243 Fremont Avenue,Saint Paul,55106,2,2,0,2,137000,1405,pid_20857445/,137000,2018-01-17,2017-11-07,Dayton's Bluff,0.6,5074
2931 Tyler Street NE,Minneapolis,55418,4,2,2,3,404400,560,pid_20213974/,404400,2018-01-17,2017-10-07,Audubon Park,0.6,184
1860 Laurel Avenue,Saint Paul,55104,4,2,0,3,390000,2281,pid_19952719/,390000,2018-01-17,2017-09-20,Summit/University,0.4,4545
801 Lafond Avenue,Saint Paul,55104,2,1,0,2,80150,1044,pid_19647964/,80150,2018-01-17,2017-08-29,Thomas/Dale(Frogtown),0.5,5108
3315 Bryant Avenue N,Minneapolis,55412,3,1,0,3,90000,1248,pid_19162785/,90000,2018-01-17,2017-07-26,Mckinley,0.3,335
5424 Bryant Avenue S,Minneapolis,55419,3,2,0,3,410000,1955,pid_19108522/,410000,2018-01-17,2017-07-26,Kenny,0.4,84
861 Albert Street N,Saint Paul,55104,6,2,0,4,259000,2250,pid_18760879/,259000,2018-01-17,2017-07-05,Hamline/Midway,0.5,3875
1677 Juno Avenue,Saint Paul,55116,4,1,3,3,560000,2182,pid_18420831/,560000,2018-01-17,2017-06-12,Highland,0.5,2768
512 W 34th Street,Minneapolis,55408,3,1,1,3,389000,1344,pid_21204968/,389000,2018-01-16,2017-12-04,Lyndale,0.1,533
1856 Wordsworth Avenue,Saint Paul,55116,4,1,0,3,280000,1648,pid_21103498/,280000,2018-01-16,2017-11-24,Highland,0.8,2768
1036 Milton Street N,Saint Paul,55103,1,1,0,2,116000,705,pid_21006974/,116000,2018-01-16,2017-11-14,Como,0.4,2555
4905 29th Avenue S,Minneapolis,55417,3,1,0,2,185000,1325,pid_20701173/,185000,2018-01-16,2017-10-27,Keewaydin,0.4,133
2058 James Avenue,Saint Paul,55105,4,1,1,3,316500,1999,pid_20684596/,316500,2018-01-16,2017-10-27,Jordan,0.5,862
1675 Woodbridge Street,Saint Paul,55117,3,1,0,2,105000,2310,pid_20671466/,105000,2018-01-16,2017-10-26,North End,1.5,6153
3023 Newton Avenue N,Minneapolis,55411,2,2,0,3,93000,1004,pid_20629643/,93000,2018-01-16,2017-10-24,Jordan,0.3,862
4740 Nicollet Avenue,Minneapolis,55419,3,1,0,2,275000,1308,pid_20347187/,275000,2018-01-16,2017-10-17,Tangletown,0.2,179
1501 Thomas Avenue N,Minneapolis,55411,3,1,1,2,167600,1757,pid_20338000/,167600,2018-01-16,2017-10-16,Willard - Hay,0.7,689
2008 Seabury Avenue,Minneapolis,55406,3,2,2,3,365000,1330,pid_20155695/,365000,2018-01-16,2017-10-04,Seward,0.7,527
2701 N Oliver Avenue,Minneapolis,55411,5,2,1,3,245000,2124,pid_19491584/,245000,2018-01-16,2017-08-17,Jordan,0.6,862
141 Belvidere Street E,Saint Paul,55107,5,1,1,2,245000,2004,pid_21690398/,245000,2018-01-16,2017-12-30,West Side,0.3,3405
1685 Watson Avenue,Saint Paul,55116,3,1,0,2,203000,1108,pid_21318991/,203000,2018-01-16,2017-12-14,Highland,0.5,2768
2652 Fremont Avenue N,Minneapolis,55411,4,3,3,3,190000,2474,pid_21301493/,190000,2018-01-16,2017-12-12,Jordan,0.3,862
1978 Case Avenue E,Saint Paul,55119,1,1,0,3,112000,800,pid_21283423/,112000,2018-01-16,2017-12-11,Greater East Side,0.5,5697
897 Central Avenue W,Saint Paul,55104,2,1,0,1,116400,720,pid_21282999/,116400,2018-01-16,2017-12-11,Summit/University,0.1,4545
3520 21st Avenue S,Minneapolis,55407,3,2,0,3,280000,1514,pid_21251971/,280000,2018-01-16,2017-12-07,Corcoran,0.8,313
4220 42nd Avenue S,Minneapolis,55406,3,1,1,3,272300,1636,pid_21249782/,272300,2018-01-16,2017-12-07,Hiawatha,0.1,341
1344 Logan Avenue N,Minneapolis,55411,4,1,2,3,218000,1456,pid_21228331/,218000,2018-01-16,2017-12-06,Willard - Hay,0.2,689
1098 Margaret Street,Saint Paul,55106,4,1,0,1,108000,1483,pid_21109986/,108000,2018-01-16,2017-11-26,Dayton's Bluff,0.8,5074
471 White Bear Avenue N,Saint Paul,55106,3,1,1,2,122500,1440,pid_20992279/,122500,2018-01-16,2017-11-14,Conway/Battlecreek/Highwood,0.6,4453
4951 N 4th Court N,Minneapolis,55430,5,1,1,3,175000,1736,pid_20947638/,175000,2018-01-16,2017-11-11,Lind - Bohanon,0.3,352
1081 Laurel Avenue,Saint Paul,55104,4,1,0,1,252735,2300,pid_19572328/,252735,2018-01-16,2017-08-23,Lind - Bohanon,0.3,352
1312 17th Avenue N,Minneapolis,55411,3,1,0,3,90000,1433,pid_21349197/,90000,2018-01-15,2017-12-04,Summit/University,0.4,4545
4720 Zenith Avenue S,Minneapolis,55410,4,1,1,3,435000,1712,pid_21036257/,435000,2018-01-15,2017-11-17,Fulton,0.1,137
1217 Arkwright Street,Saint Paul,55130,4,2,0,3,160000,1138,pid_20980942/,160000,2018-01-15,2017-11-13,Payne/Phalen,0.5,9685
6129 Thomas Avenue S,Minneapolis,55410,3,1,0,3,274900,1587,pid_20788163/,274900,2018-01-15,2017-11-02,Armatage,0.9,96
4138 40th Avenue S,Minneapolis,55406,2,1,0,2,260225,1178,pid_20304546/,260225,2018-01-15,2017-10-13,Hiawatha,0.2,341
4003 S Nokomis Avenue,Minneapolis,55406,2,1,1,2,175300,654,pid_20280402/,175300,2018-01-15,2017-10-11,Standish,0.4,275
794 Cottage Avenue E,Saint Paul,55106,4,1,1,2,214900,1625,pid_20189337/,214900,2018-01-15,2017-10-06,Payne/Phalen,0.8,9685
3010 Russell Avenue N,Minneapolis,55411,3,2,0,3,145000,1886,pid_21218551/,145000,2018-01-12,2017-12-05,Jordan,0.3,862
1370 Wellesley Avenue,Saint Paul,55105,2,1,0,1,199000,1042,pid_21197384/,199000,2018-01-12,2017-12-04,Macalester-Groveland,0.1,2082
4700 Washburn Avenue N,Minneapolis,55430,4,1,0,3,220975,1958,pid_21144792/,220975,2018-01-12,2017-11-29,Victory,0.4,265
6115 15th Avenue S,Minneapolis,55423,3,1,1,3,249900,2640,pid_21102776/,249900,2018-01-12,2017-11-24,Diamond Lake,1,159
4153 Drew Avenue S,Minneapolis,55410,3,1,0,3,397100,1532,pid_21064701/,397100,2018-01-12,2017-11-20,Linden Hills,0.1,151
737 Wilson Avenue,Saint Paul,55106,4,1,1,3,200747,1708,pid_21042562/,200747,2018-01-12,2017-11-17,Dayton's Bluff,0.1,5074
4837 Zenith Avenue S,Minneapolis,55410,2,1,0,2,291000,1014,pid_21015745/,291000,2018-01-12,2017-11-16,Fulton,0.2,137
3901 Beard Avenue S,Minneapolis,55410,4,1,1,2,565000,2285,pid_20987468/,565000,2018-01-12,2017-11-14,Linden Hills,0.2,151
2826 Fillmore Street NE,Minneapolis,55418,3,1,0,2,206000,1172,pid_20819900/,206000,2018-01-12,2017-11-14,Audubon Park,0.4,184
4745 Garfield Avenue,Minneapolis,55419,4,2,1,3,492000,2142,pid_20668984/,492000,2018-01-12,2017-10-26,Tangletown,0.3,179
349 Hamline Avenue S,Saint Paul,55105,4,1,1,3,352450,2417,pid_20390360/,352450,2018-01-12,2017-10-19,Macalester-Groveland,0.1,2082
361 Pleasant Avenue,Saint Paul,55102,3,2,1,4,585000,2492,pid_18239743/,585000,2018-01-12,2017-06-01,Summit/University,1.1,4545
2314 11th Avenue S,Minneapolis,55404,4,1,1,2,201000,2492,pid_21462243/,201000,2018-01-12,2017-12-19,Ventura Village,0.4,590
415 Thomas Avenue,Saint Paul,55103,2,1,0,3,109900,1774,pid_21278903/,109900,2018-01-12,2017-12-10,Thomas/Dale(Frogtown),0.1,5108
2655 Madison Street NE,Minneapolis,55418,3,1,1,3,215000,1330,pid_21199191/,215000,2018-01-12,2017-12-04,Holland,0.5,279
5319 40th Avenue S,Minneapolis,55417,2,1,0,2,229900,1009,pid_21177588/,229900,2018-01-12,2017-12-01,Holland,0.7,279
3811 Minnehaha Avenue,Minneapolis,55406,3,1,1,3,257500,1764,pid_21161373/,257500,2018-01-12,2017-11-30,Minnehaha,0.6,151
4427 Wentworth Avenue S,Minneapolis,55419,3,2,0,2,272100,1244,pid_21156901/,272100,2018-01-12,2017-11-30,Windom,0.6,217
2310 23rd Avenue S,Minneapolis,55404,2,1,0,3,215520,1050,pid_21156218/,215520,2018-01-12,2017-11-30,Seward,0.8,527
2623 Logan Avenue N,Minneapolis,55411,2,1,0,1,81000,864,pid_21078477/,81000,2018-01-12,2017-11-21,Jordan,0.7,862
403 Hatch Avenue,Saint Paul,55117,3,1,1,3,200000,1233,pid_21077358/,200000,2018-01-12,2017-11-21,North End,0.8,6153
1632 Thomas Avenue,Saint Paul,55104,2,1,0,3,190000,872,pid_21074021/,190000,2018-01-12,2017-11-21,Hamline/Midway,0.4,3875
1503 Portland Avenue,Saint Paul,55104,5,1,1,3,385000,2025,pid_21038988/,385000,2018-01-12,2017-11-17,Summit/University,0.4,4545
5321 Woodlawn Boulevard,Minneapolis,55417,4,1,1,3,440000,2170,pid_21008670/,440000,2018-01-12,2017-11-14,Keewaydin,0.4,133
1723 Field Avenue,Saint Paul,55116,3,1,1,3,283000,2115,pid_21002778/,283000,2018-01-12,2017-11-15,Highland,0.6,2768
1108 Jessamine Avenue E,Saint Paul,55106,2,1,0,1,80000,672,pid_20993105/,80000,2018-01-12,2017-11-14,Payne/Phalen,0.8,9685
1712 Montana Avenue E,Saint Paul,55106,2,1,1,3,198000,1596,pid_20949318/,198000,2018-01-12,2017-11-12,Greater East Side,0.4,5697
2130 Bryant Avenue N,Minneapolis,55411,4,2,0,3,207000,2016,pid_20922939/,207000,2018-01-12,2017-11-10,Hawthorne,0.4,697
322 E 48th Street,Minneapolis,55419,2,1,0,1,240000,1124,pid_20801374/,240000,2018-01-12,2017-11-03,Field,0.2,105
1417 Asbury Street,Saint Paul,55108,3,1,2,3,269900,1655,pid_20794668/,269900,2018-01-12,2017-11-03,Como,0.6,2555
914 Queen Avenue N,Minneapolis,55411,3,1,1,3,168500,1515,pid_20697408/,168500,2018-01-12,2017-10-27,Willard - Hay,0.6,689
2122 Thomas Avenue N,Minneapolis,55411,3,1,0,1,139950,1240,pid_20393229/,139950,2018-01-12,2017-10-19,Willard - Hay,0.8,689
2178 3rd Street E,Saint Paul,55119,4,1,1,2,215000,929,pid_20390267/,215000,2018-01-12,2017-10-18,Conway/Battlecreek/Highwood,0.5,4453
1371 Nebraska Avenue W,Saint Paul,55108,5,2,5,1,370000,2598,pid_20183191/,370000,2018-01-12,2017-10-05,Como,0.1,2555
1901 Palace Avenue,Saint Paul,55105,5,4,1,4,625000,3385,pid_20178971/,625000,2018-01-12,2017-10-05,Macalester-Groveland,0.5,2082
919 Desoto Street,Saint Paul,55130,3,1,1,1,130000,1185,pid_20170175/,130000,2018-01-12,2017-10-05,Payne/Phalen,0.2,9685
4904 Harriet Avenue,Minneapolis,55419,3,1,1,4,420000,2160,pid_20092047/,420000,2018-01-12,2017-09-29,Tangletown,0.2,179
4620 Ewing Avenue S,Minneapolis,55410,4,1,1,3,545000,2172,pid_20060728/,545000,2018-01-12,2017-09-27,Linden Hills,0.2,151
3319 Russell Avenue N,Minneapolis,55412,3,2,2,3,189900,1560,pid_20029924/,189900,2018-01-12,2017-09-26,Cleveland,0.1,232
3459 James Avenue N,Minneapolis,55412,3,1,0,2,125000,1348,pid_19919612/,125000,2018-01-12,2017-09-18,Folwell,0.4,589
1663 Nevada Avenue E,Saint Paul,55106,3,1,0,2,160000,1205,pid_19790916/,160000,2018-01-12,2017-09-08,Greater East Side,0.4,5697
459 Laurel Avenue,Saint Paul,55102,3,2,1,3,448000,2038,pid_19779919/,448000,2018-01-12,2017-09-07,Summit/University,0.9,4545
2129 Waukon Avenue,Saint Paul,55119,3,1,0,2,139900,983,pid_19772026/,139900,2018-01-12,2017-09-05,Greater East Side,0.9,5697
2231 Hillside Avenue,Saint Paul,55108,3,1,1,3,445000,2685,pid_19688817/,445000,2018-01-12,2017-08-31,St. Anthony,0.2,1314
5933 Park Avenue,Minneapolis,55417,3,1,1,3,273500,2066,pid_19682006/,273500,2018-01-12,2017-08-31,Diamond Lake,0.9,159
1027 Minnehaha Avenue W,Saint Paul,55104,2,1,1,2,159000,1363,pid_19390740/,159000,2018-01-12,2017-08-11,Thomas/Dale(Frogtown),0.8,5108
5345 1st Avenue S,Minneapolis,55419,3,1,0,2,265000,1700,pid_19257642/,265000,2018-01-12,2017-08-03,Tangletown,0.5,179
1990 Ivy Avenue E,Saint Paul,55119,4,2,0,3,214900,1880,pid_19123398/,214900,2018-01-12,2017-07-27,Greater East Side,0.3,5697
280 Winona Street E,Saint Paul,55107,3,1,1,3,180900,1000,pid_18582915/,180900,2018-01-12,2017-06-22,West Side,0.6,3405
4904 Humboldt Lane N,Minneapolis,55430,3,1,2,3,338545,1910,pid_18277317/,338545,2018-01-12,2017-06-03,Lind - Bohanon,0.2,352
2001 Morgan Avenue,Saint Paul,55116,3,1,1,3,259900,975,pid_18274564/,259900,2018-01-12,2017-06-03,Highland,0.9,2768
1312 Russell Avenue N,Minneapolis,55411,3,1,0,3,138000,1093,pid_17048384/,138000,2018-01-12,2017-03-22,Willard - Hay,0.5,689
4223 15th Avenue S,Minneapolis,55407,3,1,1,2,252500,1507,pid_21173068/,252500,2018-01-11,2017-12-01,Northrop,1.1,225
3822 E 49th Street,Minneapolis,55417,5,2,2,3,575000,2763,pid_21143007/,575000,2018-01-11,2017-11-29,Minnehaha,0.7,151
5242 Dupont Avenue N,Minneapolis,55430,3,1,2,3,170000,1950,pid_21099637/,170000,2018-01-11,2017-11-22,Lind - Bohanon,0.3,352
2718 Johnson Street NE,Minneapolis,55418,2,1,0,2,204000,960,pid_19406487/,204000,2018-01-11,2017-08-14,Audubon Park,0.3,184
864 19th Avenue Se,Minneapolis,55414,5,1,2,3,288000,2326,pid_17991998/,288000,2018-01-11,2017-05-17,Como,2.1,2555
3230 Logan Avenue N,Minneapolis,55412,3,1,1,2,171000,1340,pid_21223216/,171000,2018-01-11,2017-12-05,Folwell,0.3,589
5232 Drew Avenue S,Minneapolis,55410,2,1,1,3,320000,770,pid_21144823/,320000,2018-01-11,2017-11-28,Fulton,0.6,137
4436 43rd Avenue S,Minneapolis,55406,3,1,1,3,186000,1111,pid_21039618/,186000,2018-01-11,2017-11-17,Hiawatha,0.3,341
461 Nevada Avenue E,Saint Paul,55130,4,1,1,3,205000,1487,pid_20978167/,205000,2018-01-11,2017-11-13,Payne/Phalen,1,9685
723 Orange Avenue E,Saint Paul,55106,2,1,0,2,122500,1136,pid_20926773/,122500,2018-01-11,2017-11-10,Payne/Phalen,0.6,9685
829 Lawson Avenue E,Saint Paul,55106,2,1,0,2,57000,734,pid_20743681/,57000,2018-01-11,2017-10-31,Payne/Phalen,0.7,9685
1801 Mechanic Avenue,Saint Paul,55119,4,2,0,3,199900,1852,pid_19897508/,199900,2018-01-11,2017-09-15,Greater East Side,0.2,5697
1396 Margaret Street,Saint Paul,55106,2,1,1,2,175000,1371,pid_19530303/,175000,2018-01-11,2017-08-20,Dayton's Bluff,0.3,5074
2021 E Hawthorne Avenue E,Saint Paul,55119,3,1,0,2,162500,1274,pid_19210408/,162500,2018-01-11,2017-08-02,Greater East Side,0.4,5697
3501 Girard Avenue N,Minneapolis,55412,3,1,0,3,157500,1824,pid_18897810/,157500,2018-01-11,2017-07-13,Folwell,0.6,589
613 Goodrich Avenue,Saint Paul,55102,5,3,1,3,920000,3449,pid_21820413/,920000,2018-01-10,2017-07-28,Summit Hill,1.3,1445
2428 Bryant Avenue S,Minneapolis,55405,4,1,1,3,500000,2496,pid_21091918/,500000,2018-01-10,2017-11-22,Lowry Hill East,0.3,660
6020 Russell Avenue S,Minneapolis,55410,3,1,1,3,305000,1600,pid_21118007/,305000,2018-01-10,2017-11-27,Armatage,0.7,96
5516 45th Avenue S,Minneapolis,55417,1,1,0,2,152500,612,pid_21095050/,152500,2018-01-10,2017-11-22,Morris Park,1.1,81
4558 29th Avenue S,Minneapolis,55406,3,1,0,1,175000,858,pid_20985163/,175000,2018-01-10,2017-11-14,Ericsson,0.4,128
2815 Lyndale Avenue N,Minneapolis,55411,5,2,0,3,167000,2105,pid_19846823/,167000,2018-01-10,2017-09-13,Hawthorne,0.2,697
3628 Architect Avenue,Minneapolis,55418,3,1,2,2,215000,1950,pid_19241320/,215000,2018-01-10,2017-08-02,Columbia Park,0.8,63
679 Burr Street,Saint Paul,55130,2,1,0,3,145000,884,pid_18630657/,145000,2018-01-10,2017-06-25,Payne/Phalen,0.7,9685
5617 1st Avenue S,Minneapolis,55419,1,2,2,2,175000,920,pid_21415179/,175000,2018-01-09,2017-12-18,Windom,0.9,217
4205 44th Avenue S,Minneapolis,55406,3,1,0,2,223000,1276,pid_21036972/,223000,2018-01-09,2017-11-17,Hiawatha,0.1,341
564 Brimhall Street,Saint Paul,55116,3,1,0,2,275000,1436,pid_21115357/,275000,2018-01-09,2017-11-27,Highland,0.2,2768
2023 4th Street E,Saint Paul,55119,3,1,1,3,175000,1826,pid_20952594/,175000,2018-01-09,2017-11-13,Conway/Battlecreek/Highwood,0.2,4453
3323 Cedar Lake Avenue,Minneapolis,55416,3,1,3,3,1240000,4223,pid_21118550/,1240000,2018-01-08,2017-11-27,Cedar - Isles - Dean,0.9,154
3808 11th Avenue S,Minneapolis,55407,2,1,0,3,150000,1451,pid_21684811/,150000,2018-01-08,2017-12-29,Bancroft,1.7,166
2626 Queen Avenue N,Minneapolis,55411,5,2,1,3,225000,1845,pid_21189988/,225000,2018-01-08,2017-12-02,Jordan,0.6,862
5100 16th Avenue S,Minneapolis,55417,2,1,1,2,233400,1018,pid_21188928/,233400,2018-01-08,2017-12-01,Hale,0.4,58
1616 Blair Avenue,Saint Paul,55104,3,1,0,2,240000,1407,pid_21100818/,240000,2018-01-08,2017-11-22,Hamline/Midway,0.3,3875
476 York Avenue,Saint Paul,55130,3,1,0,1,95900,1142,pid_20794379/,95900,2018-01-08,2017-11-03,Payne/Phalen,0.2,9685
806 Carroll Avenue,Saint Paul,55104,2,1,0,1,119900,978,pid_20731465/,119900,2018-01-08,2017-10-30,Summit/University,0.2,4545
3601 Dupont Avenue S,Minneapolis,55409,4,2,0,3,370000,1770,pid_20705778/,370000,2018-01-08,2017-10-27,East Harriet,0.6,125
670 Case Avenue,Saint Paul,55106,3,1,0,2,85000,1128,pid_20630537/,85000,2018-01-08,2017-10-24,Payne/Phalen,0.2,9685
3504 Stevens Avenue,Minneapolis,55408,5,1,1,3,257500,2645,pid_20274615/,257500,2018-01-08,2017-10-11,Lyndale,0.4,533
2530 Vincent Avenue N,Minneapolis,55411,3,1,0,3,166000,1050,pid_20089004/,166000,2018-01-08,2017-09-29,Willard - Hay,0.8,689
2862 James Avenue S,Minneapolis,55408,3,2,0,3,579750,2542,pid_19874893/,579750,2018-01-08,2017-09-14,East Isles,0.8,255
1997 Berkeley Avenue,Saint Paul,55105,4,1,2,3,369900,1948,pid_19653273/,369900,2018-01-08,2017-11-09,Macalester-Groveland,0.1,2082
1240 Watson Avenue,Saint Paul,55116,3,2,2,3,442500,2400,pid_19509330/,442500,2018-01-08,2017-08-18,Highland,0.5,2768
457 Macalester Street,Saint Paul,55105,3,1,1,2,283000,1328,pid_21151498/,283000,2018-01-05,2017-11-30,Macalester-Groveland,0.9,2082
4838 32nd Avenue S,Minneapolis,55417,2,1,0,2,239400,1360,pid_21110606/,239400,2018-01-05,2017-11-26,Keewaydin,0.5,133
977 Fuller Avenue,Saint Paul,55104,2,1,0,2,155000,847,pid_20904205/,155000,2018-01-05,2017-11-09,Summit/University,0.3,4545
5239 York Avenue S,Minneapolis,55410,3,1,1,3,427500,1900,pid_20668467/,427500,2018-01-05,2017-10-26,Fulton,0.4,137
1215 Juliet Avenue,Saint Paul,55105,3,1,1,2,340500,1752,pid_20628348/,340500,2018-01-05,2017-10-24,Macalester-Groveland,0.2,2082
743 Iowa Avenue W,Saint Paul,55117,3,1,0,3,198000,1050,pid_20213074/,198000,2018-01-05,2017-10-07,Como,0.9,2555
1288 Rice Street,Saint Paul,55117,2,1,1,3,135500,1200,pid_20190346/,135500,2018-01-05,2017-10-06,North End,1.3,6153
4736 Ewing Avenue S,Minneapolis,55410,4,1,3,3,765000,3030,pid_19994271/,765000,2018-01-05,2017-09-22,Fulton,0.6,137
